股票代码,交易日期,开盘价,最高价,最低价,收盘价,昨收价【除权价，前复权】,涨跌额,涨跌幅 【基于除权后的昨收计算的涨跌幅：（今收-除权昨收）/除权昨收 】,成交量,成交额（千元）,close_y,换手率,换手率（自由流通股）,量比,市盈率（总市值/净利润，亏损的PE为空）,市盈率（TTM，亏损的PE为空）,市净率（总市值/净资产）,市销率,市销率（TTM）,股息率 （%）,股息率（TTM）（%）,总股本 （万股）,流通股本 （万股）,自由流通股本 （万）,总市值 （万元）,流通市值（万元）
301210.SZ,20250709,41.3,42.36,40.3,40.48,41.3,-0.82,-1.9855,39864.42,164220.292,40.48,9.1718,9.1718,1.3,82.4675,84.8549,2.5557,3.4,3.2384,0.7998,0.7998,11461.4334,4346.3918,4346.3918,463958.824,175941.9401
301210.SZ,20250708,39.68,42.23,39.47,41.3,39.67,1.63,4.1089,66356.48,275160.304,41.3,15.267,15.267,2.59,84.138,86.5738,2.6074,3.4689,3.304,0.7839,0.7839,11461.4334,4346.3918,4346.3918,473357.1994,179505.9813
301210.SZ,20250707,40.2,40.4,39.2,39.67,40.19,-0.52,-1.2939,16889.12,67051.116,39.67,3.8858,3.8858,0.59,80.8173,83.1569,2.5045,3.332,3.1736,0.8161,0.8161,11461.4334,4346.3918,4346.3918,454675.063,172421.3627
301210.SZ,20250704,41.03,41.1,39.88,40.19,41.23,-1.04,-2.5224,21028.89,84877.462,40.19,4.8382,4.8382,0.63,81.8767,84.247,2.5374,3.3757,3.2152,0.8055,0.8055,11461.4334,4346.3918,4346.3918,460635.0083,174681.4864
301210.SZ,20250703,41.12,41.47,40.66,41.23,41.21,0.02,0.0485,20685.25,84934.815,41.23,4.7592,4.7592,0.52,83.9954,86.427,2.603,3.463,3.2984,0.7852,0.7852,11461.4334,4346.3918,4346.3918,472554.8991,179201.7339
301210.SZ,20250702,42.28,42.44,40.66,41.21,41.96,-0.75,-1.7874,27878.24,115242.374,41.21,6.4141,6.4141,0.55,83.9547,86.3851,2.6018,3.4613,3.2968,0.7856,0.7856,11461.4334,4346.3918,4346.3918,472325.6704,179114.8061
301210.SZ,20250701,41.54,42.05,40.43,41.96,41.54,0.42,1.0111,41435.24,171086.033,41.96,9.5333,9.5333,0.79,85.4826,87.9573,2.6491,3.5243,3.3568,0.7715,0.7715,11461.4334,4346.3918,4346.3918,480921.7455,182374.5999
301210.SZ,20250630,41.65,42.36,41.48,41.54,41.83,-0.29,-0.6933,31005.68,129272.009,41.54,7.1337,7.1337,0.59,84.6269,87.0768,2.6226,3.489,3.3232,0.7793,0.7793,11461.4334,4346.3918,4346.3918,476107.9434,180549.1154
301210.SZ,20250627,44.01,44.57,41.73,41.83,42.18,-0.35,-0.8298,47140.2,200963.304,41.83,10.8458,10.8458,0.94,85.2177,87.6848,2.6409,3.5134,3.3464,0.7739,0.7739,11461.4334,4346.3918,4346.3918,479431.7591,181809.569
301210.SZ,20250626,43.92,43.92,41.77,42.18,43.78,-1.6,-3.6546,51178.73,218442.363,42.18,11.775,11.775,1.04,85.9308,88.4184,2.663,3.5428,3.3744,0.7675,0.7675,11461.4334,4346.3918,4346.3918,483443.2608,183330.8061
301210.SZ,20250625,41.29,45.38,41.29,43.78,41.0,2.78,6.7805,84845.29,367734.449,43.78,19.5209,19.5209,2.16,89.1904,91.7724,2.764,3.6772,3.5024,0.7395,0.7395,11461.4334,4346.3918,4346.3918,501781.5543,190285.033
301210.SZ,20250624,39.51,41.0,39.51,41.0,39.51,1.49,3.7712,48014.88,194022.695,41.0,11.0471,11.0471,1.35,83.5268,85.9449,2.5885,3.4437,3.28,0.7896,0.7896,11461.4334,4346.3918,4346.3918,469918.7694,178202.0638
301210.SZ,20250623,38.6,39.79,38.4,39.51,38.81,0.7,1.8037,31657.13,124013.322,39.51,7.2835,7.2835,0.87,80.4913,82.8215,2.4944,3.3185,3.1608,0.8194,0.8194,11461.4334,4346.3918,4346.3918,452841.2336,171725.94
301210.SZ,20250620,39.85,40.38,38.51,38.81,39.88,-1.07,-2.683,35449.52,138779.669,38.81,8.1561,8.1561,0.8,79.0653,81.3542,2.4502,3.2597,3.1048,0.8342,0.8342,11461.4334,4346.3918,4346.3918,444818.2303,168683.4658
301210.SZ,20250619,39.55,41.06,39.51,39.88,39.89,-0.01,-0.0251,46584.77,188268.862,39.88,10.718,10.718,0.87,81.2451,83.5971,2.5178,3.3496,3.1904,0.8118,0.8118,11461.4334,4346.3918,4346.3918,457081.964,173334.105
301210.SZ,20250618,39.16,40.09,38.4,39.89,39.44,0.45,1.141,34825.89,136562.358,39.89,8.0126,8.0126,0.61,81.2655,83.6181,2.5184,3.3505,3.1912,0.8116,0.8116,11461.4334,4346.3918,4346.3918,457196.5783,173377.5689
301210.SZ,20250617,40.37,40.37,38.98,39.44,39.91,-0.47,-1.1776,28973.1,114401.986,39.44,6.666,6.666,0.48,80.3487,82.6748,2.49,3.3127,3.1552,0.8208,0.8208,11461.4334,4346.3918,4346.3918,452038.9333,171421.6926
301210.SZ,20250616,38.55,39.99,38.55,39.91,39.31,0.6,1.5263,36703.76,145347.042,39.91,8.4447,8.4447,0.6,81.3062,83.66,2.5197,3.3521,3.1928,0.8112,0.8112,11461.4334,4346.3918,4346.3918,457425.807,173464.4967
301210.SZ,20250613,41.49,41.68,39.19,39.31,42.4,-3.09,-7.2877,74432.45,297544.934,39.31,17.1251,17.1251,1.39,80.0839,82.4023,2.4818,3.3017,3.1448,0.8236,0.8236,11461.4334,4346.3918,4346.3918,450548.947,170856.6617
301210.SZ,20250612,44.97,45.5,40.81,42.4,45.85,-3.45,-7.5245,93741.42,398656.424,42.4,21.5676,21.5676,2.12,86.379,88.8796,2.6769,3.5613,3.392,0.7635,0.7635,11461.4334,4346.3918,4346.3918,485964.7762,184287.0123
301210.SZ,20250611,45.5,48.27,45.3,45.85,45.56,0.29,0.6365,49687.82,232278.326,45.85,11.432,11.432,1.18,93.4074,96.1115,2.8947,3.8511,3.668,0.7061,0.7061,11461.4334,4346.3918,4346.3918,525506.7214,199282.064
301210.SZ,20250610,46.01,47.41,45.4,45.56,45.91,-0.35,-0.7624,48447.68,224298.064,45.56,11.1466,11.1466,1.1,92.8166,95.5036,2.8764,3.8267,3.6448,0.7106,0.7106,11461.4334,4346.3918,4346.3918,522182.9057,198021.6104
301210.SZ,20250609,47.5,47.8,45.65,45.91,47.94,-2.03,-4.2345,37137.69,172142.365,45.91,8.5445,8.5445,0.8,93.5297,96.2373,2.8985,3.8561,3.6728,0.7052,0.7052,11461.4334,4346.3918,4346.3918,526194.4074,199542.8475
301210.SZ,20250606,48.3,48.88,46.8,47.94,48.09,-0.15,-0.3119,38744.78,184935.334,47.94,8.9142,8.9142,0.87,97.6653,100.4926,3.0266,4.0266,3.8352,0.6753,0.6753,11461.4334,4346.3918,4346.3918,549461.1172,208366.0229
301210.SZ,20250605,46.7,49.57,45.6,48.09,46.7,1.39,2.9764,47535.91,226765.401,48.09,10.9369,10.9369,1.15,97.9709,100.8071,3.0361,4.0392,3.8472,0.6732,0.6732,11461.4334,4346.3918,4346.3918,551180.3322,209017.9817
301210.SZ,20250604,46.5,48.01,45.98,46.7,46.32,0.38,0.8204,38087.37,178459.529,46.7,8.763,8.763,1.0,95.1391,97.8933,2.9484,3.9224,3.736,0.6932,0.6932,11461.4334,4346.3918,4346.3918,535248.9398,202976.4971
301210.SZ,20250603,42.9,48.2,42.9,46.32,43.47,2.85,6.5562,59428.69,273256.271,46.32,13.6731,13.6731,1.97,94.3649,97.0968,2.9244,3.8905,3.7056,0.6989,0.6989,11461.4334,4346.3918,4346.3918,530893.5951,201324.8682
301210.SZ,20250530,45.6,45.78,42.89,43.47,45.91,-2.44,-5.3147,48970.38,214995.367,43.47,11.2669,11.2669,1.87,88.5588,91.1225,2.7444,3.6511,3.4776,0.7447,0.7447,11461.4334,4346.3918,4346.3918,498228.5099,188937.6515
301210.SZ,20250529,45.6,47.08,44.86,45.91,45.65,0.26,0.5696,29188.32,133375.953,45.91,6.7155,6.7155,1.09,93.5297,96.2373,2.8985,3.8561,3.6728,0.7052,0.7052,11461.4334,4346.3918,4346.3918,526194.4074,199542.8475
301210.SZ,20250528,47.78,47.78,45.15,45.65,46.08,-0.43,-0.9332,30652.62,140910.462,45.65,7.0524,7.0524,1.21,93.0,95.6923,2.8821,3.8343,3.652,0.7092,0.7092,11461.4334,4346.3918,4346.3918,523214.4347,198412.7857
301210.SZ,20250527,65.52,66.27,61.98,64.2,65.98,-1.78,-2.6978,22142.89,140442.814,64.2,7.0814,7.0814,0.83,94.0941,96.8181,2.8962,3.8794,3.695,0.7009,0.7009,8245.6356,3126.9006,3126.9006,529369.8055,200747.0185
301210.SZ,20250526,66.08,67.5,64.83,65.98,66.1,-0.12,-0.1815,19698.81,129432.912,65.98,6.2998,6.2998,0.59,96.7029,99.5024,2.9765,3.9869,3.7974,0.682,0.682,8245.6356,3126.9006,3126.9006,544047.0369,206312.9016
301210.SZ,20250523,68.57,70.5,65.88,66.1,68.75,-2.65,-3.8545,29184.54,197968.321,66.1,9.3334,9.3334,0.78,96.8788,99.6834,2.982,3.9942,3.8043,0.6808,0.6808,8245.6356,3126.9006,3126.9006,545036.5132,206688.1297
301210.SZ,20250522,72.08,73.68,68.5,68.75,72.12,-3.37,-4.6728,32559.08,231071.882,68.75,10.4126,10.4126,0.91,100.7628,103.6798,3.1015,4.1543,3.9569,0.6545,0.6545,8245.6356,3126.9006,3126.9006,566887.4475,214974.4163
301210.SZ,20250521,72.24,73.5,69.75,72.12,72.25,-0.13,-0.1799,22973.13,164809.516,72.12,7.3469,7.3469,0.61,105.702,108.762,3.2535,4.3579,4.1508,0.624,0.624,8245.6356,3126.9006,3126.9006,594675.2395,225512.0713
301210.SZ,20250520,74.19,74.4,71.4,72.25,73.44,-1.19,-1.6204,29247.0,212640.728,72.25,9.3534,9.3534,0.77,105.8925,108.958,3.2594,4.3658,4.1583,0.6228,0.6228,8245.6356,3126.9006,3126.9006,595747.1721,225918.5684
301210.SZ,20250519,74.54,74.74,70.4,73.44,71.98,1.46,2.0283,52698.45,382716.459,73.44,16.8533,16.8533,1.49,107.6366,110.7526,3.3131,4.4377,4.2268,0.6127,0.6127,8245.6356,3126.9006,3126.9006,605559.4785,229639.5801
301210.SZ,20250516,66.0,72.7,65.5,71.98,65.97,6.01,9.1102,50597.34,354243.137,71.98,16.1813,16.1813,1.49,105.4968,108.5509,3.2472,4.3495,4.1428,0.6252,0.6252,8245.6356,3126.9006,3126.9006,593520.8505,225074.3052
301210.SZ,20250515,67.0,67.2,65.06,65.97,66.92,-0.95,-1.4196,22794.0,150550.117,65.97,7.2896,7.2896,0.61,96.6883,99.4874,2.9761,3.9863,3.7969,0.6821,0.6821,8245.6356,3126.9006,3126.9006,543964.5805,206281.6326
301210.SZ,20250514,68.71,69.1,66.74,66.92,69.27,-2.35,-3.3925,33610.41,227935.916,66.92,10.7488,10.7488,0.84,98.0806,100.92,3.0189,4.0437,3.8515,0.6724,0.6724,8245.6356,3126.9006,3126.9006,551797.9344,209252.1882
301210.SZ,20250513,70.69,71.18,68.75,69.27,70.38,-1.11,-1.5772,30194.7,210819.819,69.27,9.6564,9.6564,0.67,101.5249,104.464,3.125,4.1857,3.9868,0.6496,0.6496,8245.6356,3126.9006,3126.9006,571175.178,216600.4046
301210.SZ,20250512,69.22,73.0,69.22,70.38,68.88,1.5,2.1777,40234.0,287497.304,70.38,12.8671,12.8671,0.82,103.1518,106.1379,3.175,4.2528,4.0507,0.6394,0.6394,8245.6356,3126.9006,3126.9006,580327.8335,220071.2642
301210.SZ,20250509,69.99,70.73,67.38,68.88,70.71,-1.83,-2.588,42464.92,292221.154,68.88,13.5805,13.5805,0.79,100.9533,103.8758,3.1074,4.1622,3.9643,0.6533,0.6533,8245.6356,3126.9006,3126.9006,567959.3801,215380.9133
301210.SZ,20250508,69.95,75.35,69.5,70.71,71.08,-0.37,-0.5205,41563.0,300880.278,70.71,13.2921,13.2921,0.72,103.6354,106.6356,3.1899,4.2727,4.0697,0.6364,0.6364,8245.6356,3126.9006,3126.9006,583048.8933,221103.1414
301210.SZ,20250507,72.11,73.0,67.37,71.08,72.16,-1.08,-1.4967,45509.32,319655.236,71.08,14.5541,14.5541,0.66,104.1777,107.1936,3.2066,4.2951,4.091,0.6331,0.6331,8245.6356,3126.9006,3126.9006,586099.7784,222260.0946
301210.SZ,20250506,67.36,73.35,66.1,72.16,68.37,3.79,5.5434,55252.45,388693.339,72.16,17.67,17.67,0.73,105.7606,108.8223,3.2553,4.3604,4.1531,0.6236,0.6236,8245.6356,3126.9006,3126.9006,595005.0649,225637.1473
301210.SZ,20250430,65.48,68.55,64.58,68.37,65.87,2.5,3.7954,59270.56,395030.467,68.37,18.9551,18.9551,0.77,100.2058,103.1067,3.0844,4.1313,3.935,0.6582,0.6582,8245.6356,3126.9006,3126.9006,563754.106,213786.194
301210.SZ,20250429,60.92,67.11,60.0,65.87,60.34,5.53,9.1647,67391.2,430403.378,65.87,21.5521,21.5521,0.9,96.5417,99.3366,2.9716,3.9803,3.7911,0.6832,0.6832,8245.6356,3126.9006,3126.9006,543140.017,205968.9425
301210.SZ,20250428,62.0,63.63,60.0,60.34,64.39,-4.05,-6.2898,62691.23,384866.499,60.34,20.049,20.049,0.83,88.4367,90.9969,2.7221,3.6461,3.4728,0.7458,0.7458,8245.6356,3126.9006,3126.9006,497541.6521,188677.1822
301210.SZ,20250425,60.32,67.0,58.0,64.39,59.6,4.79,8.0369,100568.26,624195.92,64.39,32.1623,32.1623,1.7,94.3726,97.1046,2.9048,3.8908,3.7059,0.6989,0.6989,8245.6356,3126.9006,3126.9006,530936.4763,201341.1296
301210.SZ,20250424,56.0,59.6,55.11,59.6,56.0,3.6,6.4286,86069.93,494888.558,59.6,27.5256,27.5256,1.9,80.3068,103.9405,2.7026,4.4284,3.8826,0.755,0.755,8245.6356,3126.9006,3126.9006,491439.8818,186363.2758
301210.SZ,20250423,51.64,57.24,51.64,56.0,51.64,4.36,8.4431,69078.0,376760.451,56.0,22.0915,22.0915,1.89,75.4561,97.6623,2.5393,4.1609,3.6481,0.8036,0.8036,8245.6356,3126.9006,3126.9006,461755.5936,175106.4336
301210.SZ,20250422,50.41,52.76,49.0,51.64,49.7,1.94,3.9034,54367.22,275788.362,51.64,17.3869,17.3869,1.74,69.5813,90.0586,2.3416,3.837,3.3641,0.8714,0.8714,8245.6356,3126.9006,3126.9006,425804.6224,161473.147
301210.SZ,20250421,44.44,51.87,44.44,49.7,44.44,5.26,11.8362,65515.0,319878.892,49.7,20.9521,20.9521,2.75,66.9673,86.6753,2.2537,3.6928,3.2377,0.9054,0.9054,8245.6356,3126.9006,3126.9006,409808.0893,155406.9598
301210.SZ,20250418,44.27,45.08,43.36,44.44,43.9,0.54,1.2301,20000.02,88495.094,44.44,6.3961,6.3961,0.79,59.8798,77.502,2.0151,3.302,2.895,1.0126,1.0126,8245.6356,3126.9006,3126.9006,366436.0461,138959.4627
301210.SZ,20250417,44.37,45.38,43.89,43.9,44.37,-0.47,-1.0593,17460.0,77738.35,43.9,5.5838,5.5838,0.6,59.1522,76.5602,1.9906,3.2619,2.8598,1.0251,1.0251,8245.6356,3126.9006,3126.9006,361983.4028,137270.9363
301210.SZ,20250416,46.27,46.7,43.95,44.37,46.52,-2.15,-4.6217,24989.0,112380.026,44.37,7.9916,7.9916,0.8,59.7855,77.3799,2.012,3.2968,2.8905,1.0142,1.0142,8245.6356,3126.9006,3126.9006,365858.8516,138740.5796
301210.SZ,20250415,47.2,47.68,45.8,46.52,46.23,0.29,0.6273,28027.0,130746.125,46.52,8.9632,8.9632,0.86,62.6825,81.1294,2.1095,3.4565,3.0305,0.9673,0.9673,8245.6356,3126.9006,3126.9006,383586.9681,145463.4159
301210.SZ,20250414,47.25,47.94,46.1,46.23,46.33,-0.1,-0.2158,28506.0,133828.685,46.23,9.1164,9.1164,0.81,62.2917,80.6237,2.0963,3.435,3.0116,0.9734,0.9734,8245.6356,3126.9006,3126.9006,381195.7338,144556.6147
301210.SZ,20250411,45.0,47.2,45.0,46.33,45.21,1.12,2.4773,28095.05,130458.041,46.33,8.985,8.985,0.81,62.4264,80.7981,2.1008,3.4424,3.0181,0.9713,0.9713,8245.6356,3126.9006,3126.9006,382020.2973,144869.3048
301210.SZ,20250410,44.94,47.43,44.94,45.21,43.43,1.78,4.0985,35051.32,161484.391,45.21,11.2096,11.2096,1.03,60.9173,78.8448,2.0501,3.3592,2.9452,0.9954,0.9954,8245.6356,3126.9006,3126.9006,372785.1855,141367.1761
301210.SZ,20250409,40.32,43.99,37.64,43.43,41.29,2.14,5.1829,36868.82,152580.043,43.43,11.7909,11.7909,1.22,58.5189,75.7406,1.9693,3.2269,2.8292,1.0362,1.0362,8245.6356,3126.9006,3126.9006,358107.9541,135801.2931
301210.SZ,20250408,41.05,42.87,40.0,41.29,40.81,0.48,1.1762,34104.05,140774.833,41.29,10.9067,10.9067,1.16,55.6354,72.0085,1.8723,3.0679,2.6898,1.0899,1.0899,8245.6356,3126.9006,3126.9006,340462.2939,129109.7258
301210.SZ,20250407,46.0,47.66,40.81,40.81,51.01,-10.2,-19.9961,41747.12,177292.682,40.81,13.351,13.351,1.66,54.9886,71.1714,1.8505,3.0323,2.6585,1.1027,1.1027,8245.6356,3126.9006,3126.9006,336504.3888,127608.8135
301210.SZ,20250403,53.63,54.0,50.6,51.01,53.92,-2.91,-5.3969,25697.4,133751.439,51.01,8.2182,8.2182,1.07,68.7324,88.9599,2.3131,3.7902,3.323,0.8822,0.8822,8245.6356,3126.9006,3126.9006,420609.872,159503.1996
301210.SZ,20250402,51.6,55.27,51.6,53.92,52.11,1.81,3.4734,31265.0,168659.232,53.92,9.9987,9.9987,1.26,72.6534,94.0348,2.445,4.0064,3.5126,0.8346,0.8346,8245.6356,3126.9006,3126.9006,444604.6716,168602.4804
301210.SZ,20250401,53.11,53.87,51.72,52.11,53.45,-1.34,-2.507,17948.0,94254.87,52.11,5.7399,5.7399,0.63,70.2146,90.8782,2.3629,3.8719,3.3947,0.8636,0.8636,8245.6356,3126.9006,3126.9006,429680.0711,162942.7903
301210.SZ,20250331,51.95,53.66,50.43,53.45,52.68,0.77,1.4617,30835.98,159742.481,53.45,9.8615,9.8615,1.05,72.0202,93.2151,2.4237,3.9714,3.482,0.8419,0.8419,8245.6356,3126.9006,3126.9006,440729.2228,167132.8371
301210.SZ,20250328,53.3,54.72,52.3,52.68,53.84,-1.16,-2.1545,19674.0,104420.659,52.68,6.2919,6.2919,0.58,70.9826,91.8723,2.3888,3.9142,3.4318,0.8542,0.8542,8245.6356,3126.9006,3126.9006,434380.0834,164725.1236
301210.SZ,20250327,54.57,55.57,53.8,53.84,55.17,-1.33,-2.4107,20405.72,111173.891,53.84,6.5259,6.5259,0.55,72.5456,93.8953,2.4414,4.0004,3.5074,0.8358,0.8358,8245.6356,3126.9006,3126.9006,443945.0207,168352.3283
301210.SZ,20250326,53.8,57.2,53.73,55.17,54.25,0.92,1.6959,35085.0,194978.666,55.17,11.2204,11.2204,0.9,74.3377,96.2148,2.5017,4.0992,3.594,0.8157,0.8157,8245.6356,3126.9006,3126.9006,454911.7161,172511.1061
301210.SZ,20250325,57.11,58.3,53.72,54.25,57.35,-3.1,-5.4054,37515.9,207145.136,54.25,11.9978,11.9978,0.92,73.0981,94.6103,2.46,4.0309,3.5341,0.8295,0.8295,8245.6356,3126.9006,3126.9006,447325.7313,169634.3576
301210.SZ,20250324,59.11,59.78,55.79,57.35,59.11,-1.76,-2.9775,34732.4,199905.07,57.35,11.1076,11.1076,0.78,77.2751,100.0166,2.6005,4.2612,3.736,0.7847,0.7847,8245.6356,3126.9006,3126.9006,472887.2017,179327.7494
301210.SZ,20250321,62.51,63.39,58.9,59.11,63.74,-4.63,-7.2639,41435.46,250148.522,59.11,13.2513,13.2513,0.76,79.6466,103.086,2.6803,4.392,3.8507,0.7613,0.7613,8245.6356,3126.9006,3126.9006,487399.5203,184831.0945
301210.SZ,20250320,63.03,64.36,61.23,63.74,63.44,0.3,0.4729,35188.84,221744.27,63.74,11.2536,11.2536,0.56,85.8852,111.1606,2.8903,4.736,4.1523,0.706,0.706,8245.6356,3126.9006,3126.9006,525576.8131,199308.6442
301210.SZ,20250319,66.66,67.5,62.6,63.44,65.3,-1.86,-2.8484,45612.02,292426.185,63.44,14.587,14.587,0.65,85.481,110.6374,2.8767,4.7137,4.1328,0.7093,0.7093,8245.6356,3126.9006,3126.9006,523103.1225,198370.5741
301210.SZ,20250318,65.77,66.8,62.71,65.3,65.44,-0.14,-0.2139,46505.39,300550.88,65.3,14.8727,14.8727,0.62,87.9872,113.8812,2.961,4.8519,4.2539,0.6891,0.6891,8245.6356,3126.9006,3126.9006,538440.0047,204186.6092
301210.SZ,20250317,65.3,66.19,62.0,65.44,65.93,-0.49,-0.7432,53901.57,347017.044,65.44,17.238,17.238,0.67,88.1758,114.1253,2.9674,4.8623,4.263,0.6877,0.6877,8245.6356,3126.9006,3126.9006,539594.3937,204624.3753
301210.SZ,20250314,60.83,68.22,58.71,65.93,61.55,4.38,7.1162,90720.95,573318.111,65.93,29.0131,29.0131,1.14,88.8361,114.9799,2.9896,4.8987,4.295,0.6825,0.6825,8245.6356,3126.9006,3126.9006,543634.7551,206156.5566
301210.SZ,20250313,67.97,67.97,59.84,61.55,68.5,-6.95,-10.146,76347.86,481094.014,61.55,24.4165,24.4165,0.96,82.9343,107.3413,2.791,4.5733,4.0096,0.7311,0.7311,8245.6356,3126.9006,3126.9006,507518.8712,192460.7319
301210.SZ,20250312,72.25,74.78,67.36,68.5,73.22,-4.72,-6.4463,81388.51,570389.599,68.5,26.0285,26.0285,1.0,92.299,119.4619,3.1061,5.0897,4.4624,0.6569,0.6569,8245.6356,3126.9006,3126.9006,564826.0386,214192.6911
301210.SZ,20250311,71.51,76.5,69.0,73.22,75.34,-2.12,-2.8139,74927.46,543640.807,73.22,23.9622,23.9622,0.91,98.6588,127.6934,3.3202,5.4404,4.7699,0.6146,0.6146,8245.6356,3126.9006,3126.9006,603745.4386,228951.6619
301210.SZ,20250310,80.06,85.78,75.01,75.34,81.61,-6.27,-7.6829,78794.02,624359.246,75.34,25.1988,25.1988,1.01,101.5154,131.3906,3.4163,5.5979,4.908,0.5973,0.5973,8245.6356,3126.9006,3126.9006,621226.1861,235580.6912
301210.SZ,20250307,75.98,88.0,75.87,81.61,75.55,6.06,8.0212,84810.74,698956.518,81.61,27.1229,27.1229,1.16,109.9638,142.3253,3.7006,6.0638,5.3164,0.5514,0.5514,8245.6356,3126.9006,3126.9006,672926.3213,255186.358
301210.SZ,20250306,74.61,78.49,71.12,75.55,71.52,4.03,5.6348,79169.07,591528.798,75.55,25.3187,25.3187,1.15,101.7984,131.7568,3.4258,5.6135,4.9217,0.5956,0.5956,8245.6356,3126.9006,3126.9006,622957.7696,236237.3403
301210.SZ,20250305,65.0,73.86,63.2,71.52,65.62,5.9,8.9912,88321.95,604656.114,71.52,28.2458,28.2458,1.35,96.3682,124.7287,3.2431,5.3141,4.6591,0.6292,0.6292,8245.6356,3126.9006,3126.9006,589727.8581,223635.9309
301210.SZ,20250304,63.0,72.57,63.0,65.62,64.45,1.17,1.8154,81389.91,558254.69,65.62,26.0289,26.0289,1.31,88.4184,114.4392,2.9755,4.8757,4.2748,0.6858,0.6858,8245.6356,3126.9006,3126.9006,541078.6081,205187.2174
301210.SZ,20250303,66.55,69.22,63.21,64.45,63.55,0.9,1.4162,57138.01,375446.237,64.45,18.273,18.273,0.86,86.8419,112.3988,2.9225,4.7888,4.1986,0.6982,0.6982,8245.6356,3126.9006,3126.9006,531431.2144,201528.7437
301210.SZ,20250228,68.88,74.0,63.0,63.55,70.5,-6.95,-9.8582,60575.93,401230.331,63.55,19.3725,19.3725,0.92,85.6292,110.8292,2.8817,4.7219,4.1399,0.7081,0.7081,8245.6356,3126.9006,3126.9006,524010.1424,198714.5331
301210.SZ,20250227,69.56,76.81,68.0,70.5,67.68,2.82,4.1667,58025.9,416057.899,70.5,18.557,18.557,0.88,94.9938,122.9498,3.1968,5.2383,4.5927,0.6383,0.6383,8245.6356,3126.9006,3126.9006,581317.3098,220446.4923
301210.SZ,20250226,68.71,75.0,64.01,67.68,65.4,2.28,3.4862,71116.12,491211.529,67.68,22.7433,22.7433,1.06,91.1941,118.0318,3.069,5.0288,4.409,0.6649,0.6649,8245.6356,3126.9006,3126.9006,558064.6174,211628.6326
301210.SZ,20250225,55.36,69.99,55.36,65.4,58.48,6.92,11.8331,62662.06,390543.16,65.4,20.0397,20.0397,1.09,88.1219,114.0556,2.9656,4.8594,4.2604,0.6881,0.6881,8245.6356,3126.9006,3126.9006,539264.5682,204499.2992
301210.SZ,20250224,57.9,61.61,53.22,58.48,54.31,4.17,7.6781,81080.48,466589.083,58.48,25.93,25.93,1.81,78.7977,101.9873,2.6518,4.3452,3.8096,0.7695,0.7695,8245.6356,3126.9006,3126.9006,482204.7699,182861.1471
301210.SZ,20250221,45.16,54.31,44.86,54.31,45.26,9.05,19.9956,55794.22,277096.983,54.31,17.8433,17.8433,1.48,73.1789,94.715,2.4627,4.0353,3.538,0.8286,0.8286,8245.6356,3126.9006,3126.9006,447820.4694,169821.9716
301210.SZ,20250220,46.93,47.72,44.93,45.26,47.52,-2.26,-4.7559,60630.49,279994.015,45.26,19.39,19.39,1.82,60.9847,78.932,2.0523,3.3629,2.9484,0.9943,0.9943,8245.6356,3126.9006,3126.9006,373197.4673,141523.5212
301210.SZ,20250219,41.57,49.15,40.71,47.52,40.96,6.56,16.0156,75304.57,354014.552,47.52,24.0828,24.0828,2.83,64.0299,82.8734,2.1548,3.5308,3.0957,0.947,0.947,8245.6356,3126.9006,3126.9006,391832.6037,148590.3165
301210.SZ,20250218,42.45,43.25,40.75,40.96,42.08,-1.12,-2.6616,15008.01,62969.174,40.96,4.7996,4.7996,0.58,55.1907,71.433,1.8573,3.0434,2.6683,1.0986,1.0986,8245.6356,3126.9006,3126.9006,337741.2342,128077.8486
301210.SZ,20250217,43.27,43.27,40.66,42.08,42.65,-0.57,-1.3365,17541.69,73886.969,42.08,5.6099,5.6099,0.68,56.6999,73.3862,1.9081,3.1266,2.7413,1.0694,1.0694,8245.6356,3126.9006,3126.9006,346976.346,131579.9772
301210.SZ,20250214,44.07,45.84,42.5,42.65,44.08,-1.43,-3.2441,19457.74,85218.234,42.65,6.2227,6.2227,0.72,57.4679,74.3803,1.934,3.169,2.7784,1.0551,1.0551,8245.6356,3126.9006,3126.9006,351676.3583,133362.3106
301210.SZ,20250213,46.65,47.58,43.77,44.08,47.13,-3.05,-6.4715,39460.97,178089.186,44.08,12.6198,12.6198,1.58,59.3947,76.8741,1.9988,3.2752,2.8716,1.0209,1.0209,8245.6356,3126.9006,3126.9006,363467.6172,137833.7784
301210.SZ,20250212,43.61,47.89,42.11,47.13,41.93,5.2,12.4016,41358.28,189432.334,47.13,13.2266,13.2266,1.92,63.5044,82.1933,2.1371,3.5019,3.0703,0.9548,0.9548,8245.6356,3126.9006,3126.9006,388616.8058,147370.8253
301210.SZ,20250211,42.51,42.93,41.54,41.93,42.3,-0.37,-0.8747,11726.97,49183.048,41.93,3.7503,3.7503,0.43,56.4978,73.1246,1.9013,3.1155,2.7315,1.0732,1.0732,8245.6356,3126.9006,3126.9006,345739.5007,131110.9422
301210.SZ,20250210,41.75,42.5,40.6,42.3,41.71,0.59,1.4145,16607.94,69170.599,42.3,5.3113,5.3113,0.5,56.9963,73.7699,1.9181,3.143,2.7556,1.0638,1.0638,8245.6356,3126.9006,3126.9006,348790.3859,132267.8954
301210.SZ,20250207,42.01,42.72,40.76,41.71,42.45,-0.74,-1.7432,25530.72,105760.454,41.71,8.1649,8.1649,0.67,56.2013,72.7409,1.8913,3.0991,2.7172,1.0789,1.0789,8245.6356,3126.9006,3126.9006,343925.4609,130423.024
301210.SZ,20250206,43.3,43.88,41.88,42.45,43.3,-0.85,-1.963,29365.81,125865.912,42.45,9.3913,9.3913,0.75,57.1984,74.0315,1.9249,3.1541,2.7654,1.0601,1.0601,8245.6356,3126.9006,3126.9006,350027.2312,132736.9305
301210.SZ,20250205,41.28,43.8,40.2,43.3,41.15,2.15,5.2248,24545.62,104836.331,43.3,7.8498,7.8498,0.55,58.3437,75.5139,1.9634,3.2173,2.8208,1.0393,1.0393,8245.6356,3126.9006,3126.9006,357036.0215,135394.796
301210.SZ,20250127,41.22,44.86,40.66,41.15,41.29,-0.14,-0.3391,39689.99,167391.908,41.15,12.6931,12.6931,0.91,55.4468,71.7643,1.8659,3.0575,2.6807,1.0936,1.0936,8245.6356,3126.9006,3126.9006,339307.9049,128671.9597
301210.SZ,20250124,38.5,41.8,38.02,41.29,39.08,2.21,5.6551,46453.97,187896.294,41.29,14.8562,14.8562,1.17,55.6354,72.0085,1.8723,3.0679,2.6898,1.0899,1.0899,8245.6356,3126.9006,3126.9006,340462.2939,129109.7258
301210.SZ,20250123,38.0,41.32,36.92,39.08,37.35,1.73,4.6319,51488.01,201740.506,39.08,16.4661,16.4661,1.51,52.6576,68.1543,1.7721,2.9037,2.5458,1.1515,1.1515,8245.6356,3126.9006,3126.9006,322239.4392,122199.2754
301210.SZ,20250122,38.89,38.89,36.84,37.35,39.03,-1.68,-4.3044,33207.01,124491.01,37.35,10.6198,10.6198,0.98,50.3265,65.1372,1.6936,2.7752,2.4331,1.2048,1.2048,8245.6356,3126.9006,3126.9006,307974.4897,116789.7374
301210.SZ,20250121,37.58,40.49,37.0,39.03,37.53,1.5,3.9968,52942.4,205378.15,39.03,16.9313,16.9313,2.04,52.5902,68.0671,1.7698,2.9,2.5426,1.153,1.153,8245.6356,3126.9006,3126.9006,321827.1575,122042.9304
301210.SZ,20250120,36.9,38.68,36.1,37.53,35.87,1.66,4.6278,32815.55,122628.948,37.53,10.4946,10.4946,1.6,50.5691,65.4512,1.7018,2.7886,2.4449,1.199,1.199,8245.6356,3126.9006,3126.9006,309458.7041,117352.5795
301210.SZ,20250117,35.39,36.95,34.0,35.87,34.86,1.01,2.8973,28839.01,102705.78,35.87,9.2229,9.2229,1.78,48.3323,62.5562,1.6265,2.6652,2.3367,1.2545,1.2545,8245.6356,3126.9006,3126.9006,295770.949,112161.9245
301210.SZ,20250116,34.94,35.58,34.0,34.86,35.29,-0.43,-1.2185,22463.02,77956.948,34.86,7.1838,7.1838,1.68,46.9714,60.7948,1.5807,2.5902,2.2709,1.2909,1.2909,8245.6356,3126.9006,3126.9006,287442.857,109003.7549
301210.SZ,20250115,33.5,35.3,33.2,35.29,33.07,2.22,6.713,31618.64,109211.353,35.29,10.1118,10.1118,3.55,47.5508,61.5447,1.6002,2.6221,2.2989,1.2751,1.2751,8245.6356,3126.9006,3126.9006,290988.4803,110348.3222
301210.SZ,20250114,31.3,33.33,30.94,33.07,30.91,2.16,6.988,14202.95,46040.967,33.07,4.5422,4.5422,1.6,44.5595,57.6731,1.4996,2.4572,2.1543,1.3607,1.3607,8245.6356,3126.9006,3126.9006,272683.1693,103406.6028
301210.SZ,20250113,30.73,31.15,29.95,30.91,31.03,-0.12,-0.3867,5179.0,15825.271,30.91,1.6563,1.6563,0.55,41.6491,53.9061,1.4016,2.2967,2.0136,1.4558,1.4558,8245.6356,3126.9006,3126.9006,254872.5964,96652.4975
301210.SZ,20250110,31.48,32.0,31.02,31.03,31.56,-0.53,-1.6793,7750.61,24374.426,31.03,2.4787,2.4787,0.84,41.8108,54.1154,1.4071,2.3056,2.0214,1.4502,1.4502,8245.6356,3126.9006,3126.9006,255862.0727,97027.7256
301210.SZ,20250109,31.48,32.37,31.06,31.56,31.47,0.09,0.286,8101.03,25660.144,31.56,2.5908,2.5908,0.88,42.5249,55.0397,1.4311,2.345,2.056,1.4259,1.4259,8245.6356,3126.9006,3126.9006,260232.2595,98684.9829
301210.SZ,20250108,30.95,31.67,30.55,31.47,31.32,0.15,0.4789,9351.54,29200.434,31.47,2.9907,2.9907,1.11,42.4036,54.8827,1.427,2.3383,2.0501,1.4299,1.4299,8245.6356,3126.9006,3126.9006,259490.1523,98403.5619
301210.SZ,20250107,29.85,32.0,29.85,31.32,29.99,1.33,4.4348,14086.97,43622.734,31.32,4.5051,4.5051,2.14,42.2015,54.6211,1.4202,2.3271,2.0403,1.4368,1.4368,8245.6356,3126.9006,3126.9006,258253.307,97934.5268
301210.SZ,20250106,28.47,31.82,27.26,29.99,28.46,1.53,5.376,8004.0,23367.82,29.99,2.5597,2.5597,1.28,40.4094,52.3016,1.3599,2.2283,1.9537,1.5005,1.5005,8245.6356,3126.9006,3126.9006,247286.6116,93775.749
301210.SZ,20250103,29.78,30.24,28.38,28.46,29.78,-1.32,-4.4325,6847.0,19870.747,28.46,2.1897,2.1897,1.03,38.3479,49.6334,1.2905,2.1146,1.854,1.5812,1.5812,8245.6356,3126.9006,3126.9006,234670.7892,88991.5911
301210.SZ,20250102,30.98,31.27,29.5,29.78,30.73,-0.95,-3.0914,7663.0,23243.689,29.78,2.4507,2.4507,1.12,40.1265,51.9354,1.3504,2.2127,1.94,1.5111,1.5111,8245.6356,3126.9006,3126.9006,245555.0282,93119.0999
301210.SZ,20241231,31.9,32.38,30.73,30.73,31.79,-1.06,-3.3344,5574.82,17406.604,30.73,1.7829,1.7829,0.82,41.4065,53.5922,1.3935,2.2833,2.0019,0.0,1.4644,8245.6356,3126.9006,3126.9006,253388.382,96089.6554
301210.SZ,20241230,31.8,32.4,31.33,31.79,32.12,-0.33,-1.0274,4831.6,15391.917,31.79,1.5677,1.5677,0.65,42.8348,55.4408,1.4415,2.3621,2.0709,0.0,1.4155,8245.6356,3081.9006,3081.9006,262128.7557,97973.6201
301210.SZ,20241227,32.2,32.67,32.03,32.12,32.3,-0.18,-0.5573,6447.0,20867.558,32.12,2.0919,2.0919,0.84,43.2795,56.0163,1.4565,2.3866,2.0924,0.0,1.401,8245.6356,3081.9006,3081.9006,264849.8155,98990.6473
301210.SZ,20241226,31.71,33.22,31.71,32.3,31.62,0.68,2.1505,8882.09,28952.836,32.3,2.882,2.882,1.24,43.522,56.3302,1.4646,2.4,2.1042,0.0,1.3932,8245.6356,3081.9006,3081.9006,266334.0299,99545.3894
301210.SZ,20241225,32.92,33.08,31.62,31.62,33.15,-1.53,-4.6154,8331.57,26782.849,31.62,2.7034,2.7034,1.19,42.6057,55.1443,1.4338,2.3494,2.0599,0.0,1.4231,8245.6356,3081.9006,3081.9006,260726.9977,97449.697
301210.SZ,20241224,33.3,33.73,32.72,33.15,33.28,-0.13,-0.3906,5624.11,18630.081,33.15,1.8249,1.8249,0.7,44.6673,57.8126,1.5032,2.4631,2.1595,0.0,1.3575,8245.6356,3081.9006,3081.9006,273342.8201,102165.0049
301210.SZ,20241223,35.0,35.0,33.13,33.28,34.28,-1.0,-2.9172,7643.32,25771.848,33.28,2.4801,2.4801,0.93,44.8425,58.0393,1.5091,2.4728,2.168,0.0,1.3522,8245.6356,3081.9006,3081.9006,274414.7528,102565.652
301210.SZ,20241220,33.66,34.4,33.51,34.28,33.66,0.62,1.8419,8013.19,27280.567,34.28,2.6001,2.6001,0.89,46.1899,59.7833,1.5544,2.5471,2.2331,0.0,1.3127,8245.6356,3081.9006,3081.9006,282660.3884,105647.5526
301210.SZ,20241219,33.53,33.89,33.08,33.66,33.56,0.1,0.298,6133.68,20553.886,33.66,1.9902,1.9902,0.59,45.3545,58.702,1.5263,2.501,2.1928,0.0,1.3369,8245.6356,3081.9006,3081.9006,277548.0943,103736.7742
301210.SZ,20241218,33.92,34.31,33.03,33.86,33.92,-0.06,-0.1769,7501.93,25318.6,33.86,2.4342,2.4342,0.6,45.624,59.0508,1.5148,2.5159,2.2058,0.0,0.443,8245.6356,3081.9006,3081.9006,279197.2214,104353.1543
301210.SZ,20241217,35.6,35.65,33.82,33.92,35.26,-1.34,-3.8003,10885.87,37405.888,33.92,3.5322,3.5322,0.66,45.7048,59.1554,1.5175,2.5203,2.2097,0.0,0.4422,8245.6356,3081.9006,3081.9006,279691.9596,104538.0684
301210.SZ,20241216,35.65,35.68,35.01,35.26,35.41,-0.15,-0.4236,8611.26,30410.497,35.26,2.7941,2.7941,0.39,47.5104,61.4923,1.5774,2.6199,2.297,0.0,0.4254,8245.6356,3081.9006,3081.9006,290741.1113,108667.8152
301210.SZ,20241213,36.2,36.2,35.38,35.41,36.22,-0.81,-2.2363,11728.23,41811.455,35.41,3.8055,3.8055,0.53,47.7125,61.7539,1.5841,2.631,2.3068,0.0,0.4236,8245.6356,3081.9006,3081.9006,291977.9566,109130.1002
301210.SZ,20241212,36.36,36.48,35.68,36.22,36.36,-0.14,-0.385,13499.91,48732.777,36.22,4.3804,4.3804,0.64,48.8039,63.1666,1.6204,2.6912,2.3595,0.0,0.4141,8245.6356,3081.9006,3081.9006,298656.9214,111626.4397
301210.SZ,20241211,36.24,36.68,35.91,36.36,36.46,-0.1,-0.2743,17850.1,64559.242,36.36,5.7919,5.7919,0.9,48.9926,63.4107,1.6266,2.7016,2.3686,0.0,0.4125,8245.6356,3081.9006,3081.9006,299811.3104,112057.9058
301210.SZ,20241210,38.21,38.58,36.41,36.46,37.22,-0.76,-2.0419,30884.91,115181.694,36.46,10.0214,10.0214,1.98,49.1273,63.5851,1.6311,2.7091,2.3752,0.0,0.4114,8245.6356,3081.9006,3081.9006,300635.874,112366.0959
301210.SZ,20241209,34.7,39.88,34.56,37.22,34.62,2.6,7.5101,37329.8,138576.808,37.22,12.1126,12.1126,3.53,50.1514,64.9105,1.6651,2.7655,2.4247,0.0,0.403,8245.6356,3081.9006,3081.9006,306902.557,114708.3403
301210.SZ,20241206,35.0,35.05,33.96,34.62,34.88,-0.26,-0.7454,11131.38,38331.561,34.62,3.6119,3.6119,1.06,46.648,60.3762,1.5488,2.5723,2.2553,0.0,0.4333,8245.6356,3081.9006,3081.9006,285463.9045,106695.3988
301210.SZ,20241205,34.47,35.12,34.31,34.88,34.42,0.46,1.3364,8411.56,29256.36,34.88,2.7293,2.7293,0.75,46.9984,60.8296,1.5604,2.5917,2.2722,0.0,0.43,8245.6356,3081.9006,3081.9006,287607.7697,107496.6929
301210.SZ,20241204,35.25,35.38,34.14,34.42,35.24,-0.82,-2.3269,11493.08,39904.683,34.42,3.7292,3.7292,0.94,46.3786,60.0274,1.5398,2.5575,2.2423,0.0,0.4358,8245.6356,3081.9006,3081.9006,283814.7774,106079.0187
301210.SZ,20241203,35.57,35.78,34.91,35.24,35.51,-0.27,-0.7603,9734.31,34338.872,35.24,3.1585,3.1585,0.69,47.4834,61.4575,1.5765,2.6184,2.2957,0.0,0.4257,8245.6356,3081.9006,3081.9006,290576.1985,108606.1771
301210.SZ,20241202,35.11,35.51,34.52,35.51,35.08,0.43,1.2258,12095.89,42740.857,35.51,3.9248,3.9248,0.87,47.8473,61.9283,1.5886,2.6385,2.3133,0.0,0.4224,8245.6356,3081.9006,3081.9006,292802.5202,109438.2903
301210.SZ,20241129,34.84,35.39,34.12,35.08,34.84,0.24,0.6889,10985.86,38346.608,35.08,3.5646,3.5646,0.79,47.2679,61.1784,1.5694,2.6065,2.2853,0.0,0.4276,8245.6356,3081.9006,3081.9006,289256.8968,108113.073
301210.SZ,20241128,35.84,35.9,34.69,34.84,35.63,-0.79,-2.2172,11598.44,40820.676,34.84,3.7634,3.7634,0.82,46.9445,60.7599,1.5586,2.5887,2.2696,0.0,0.4305,8245.6356,3081.9006,3081.9006,287277.9443,107373.4169
301210.SZ,20241127,34.41,35.66,33.1,35.63,34.48,1.15,3.3353,16620.7,57379.644,35.63,5.393,5.393,1.25,48.0089,62.1376,1.594,2.6474,2.3211,0.0,0.421,8245.6356,3081.9006,3081.9006,293791.9964,109808.1184
301210.SZ,20241126,35.0,36.35,34.35,34.48,34.84,-0.36,-1.0333,18797.23,66512.973,34.48,6.0992,6.0992,1.56,46.4594,60.132,1.5425,2.5619,2.2462,0.0,0.435,8245.6356,3081.9006,3081.9006,284309.5155,106263.9327
301210.SZ,20241125,33.4,35.2,33.4,34.84,33.5,1.34,4.0,11142.0,38511.871,34.84,3.6153,3.6153,0.93,46.9445,60.7599,1.5586,2.5887,2.2696,0.0,0.4305,8245.6356,3081.9006,3081.9006,287277.9443,107373.4169
301210.SZ,20241122,35.62,35.62,33.36,33.5,35.59,-2.09,-5.8724,11133.0,38575.052,33.5,3.6124,3.6124,0.91,45.1389,58.423,1.4987,2.4891,2.1823,0.0,0.4478,8245.6356,3081.9006,3081.9006,276228.7926,103243.6701
301210.SZ,20241121,35.43,35.86,34.86,35.59,35.3,0.29,0.8215,13453.76,47605.894,35.59,4.3654,4.3654,1.07,47.955,62.0679,1.5922,2.6444,2.3185,0.0,0.4215,8245.6356,3081.9006,3081.9006,293462.171,109684.8424
301210.SZ,20241120,34.69,35.64,34.3,35.3,34.57,0.73,2.1117,12149.0,42441.445,35.3,3.942,3.942,0.85,47.5643,61.5621,1.5792,2.6229,2.2996,0.0,0.4249,8245.6356,3081.9006,3081.9006,291070.9367,108791.0912
301210.SZ,20241119,33.14,34.66,32.85,34.57,33.08,1.49,4.5042,12213.04,41215.051,34.57,3.9628,3.9628,0.75,46.5807,60.289,1.5465,2.5686,2.252,0.0,0.4339,8245.6356,3081.9006,3081.9006,285051.6227,106541.3037
301210.SZ,20241118,34.26,34.46,32.83,33.08,34.08,-1.0,-2.9343,10743.0,35961.127,33.08,3.4858,3.4858,0.57,44.573,57.6905,1.4799,2.4579,2.155,0.0,0.4534,8245.6356,3081.9006,3081.9006,272765.6256,101949.2718
301210.SZ,20241115,34.95,35.33,34.0,34.08,35.03,-0.95,-2.712,12300.12,42694.728,34.08,3.9911,3.9911,0.58,45.9204,59.4345,1.5246,2.5322,2.2201,0.0,0.4401,8245.6356,3081.9006,3081.9006,281011.2612,105031.1724
301210.SZ,20241114,36.12,37.0,34.91,35.03,36.31,-1.28,-3.5252,15569.98,55946.642,35.03,5.0521,5.0521,0.72,47.2005,61.0912,1.5671,2.6028,2.282,0.0,0.4282,8245.6356,3081.9006,3081.9006,288844.6151,107958.978
301210.SZ,20241113,35.9,37.18,35.05,36.31,35.94,0.37,1.0295,20696.3,74589.163,36.31,6.7154,6.7154,0.92,48.9252,63.3235,1.6244,2.6979,2.3654,0.0,0.4131,8245.6356,3081.9006,3081.9006,299399.0286,111903.8108
301210.SZ,20241112,36.26,37.14,35.46,35.94,36.31,-0.37,-1.019,22577.86,82062.511,35.94,7.326,7.326,1.06,48.4266,62.6782,1.6078,2.6704,2.3413,0.0,0.4174,8245.6356,3081.9006,3081.9006,296348.1435,110763.5076
301210.SZ,20241111,34.36,36.58,34.36,36.31,34.87,1.44,4.1296,23412.41,83842.202,36.31,7.5967,7.5967,1.26,48.9252,63.3235,1.6244,2.6979,2.3654,0.0,0.4131,8245.6356,3081.9006,3081.9006,299399.0286,111903.8108
301210.SZ,20241108,35.0,35.8,34.7,34.87,34.38,0.49,1.4252,24204.74,85323.913,34.87,7.8538,7.8538,1.53,46.9849,60.8122,1.56,2.5909,2.2716,0.0,0.4302,8245.6356,3081.9006,3081.9006,287525.3134,107465.8739
301210.SZ,20241107,33.63,34.58,33.63,34.38,34.14,0.24,0.703,16633.84,56894.616,34.38,5.3973,5.3973,1.13,46.3247,59.9577,1.538,2.5545,2.2397,0.0,0.4363,8245.6356,3081.9006,3081.9006,283484.9519,105955.7426
301210.SZ,20241106,33.9,35.0,33.76,34.14,33.73,0.41,1.2155,26223.27,90200.9,34.14,8.5088,8.5088,2.2,46.0013,59.5391,1.5273,2.5367,2.224,0.0,0.4394,8245.6356,3081.9006,3081.9006,281505.9994,105216.0865
301210.SZ,20241105,32.94,33.79,32.63,33.73,32.52,1.21,3.7208,16438.86,54995.671,33.73,5.334,5.334,1.43,45.4488,58.8241,1.509,2.5062,2.1973,0.0,0.4447,8245.6356,3081.9006,3081.9006,278125.2888,103952.5072
301210.SZ,20241104,31.66,32.53,31.35,32.52,31.72,0.8,2.5221,9309.16,29917.929,32.52,3.0206,3.0206,0.73,43.8184,56.7139,1.4548,2.4163,2.1185,0.0,0.4613,8245.6356,3081.9006,3081.9006,268148.0697,100223.4075
301210.SZ,20241101,32.6,33.07,31.57,31.72,33.0,-1.28,-3.8788,10700.23,34532.245,31.72,3.472,3.472,0.72,42.7405,55.3187,1.419,2.3569,2.0664,0.0,0.4729,8245.6356,3081.9006,3081.9006,261551.5612,97757.887
301210.SZ,20241031,32.82,33.3,32.4,33.0,32.54,0.46,1.4136,10828.47,35654.184,33.0,3.5136,3.5136,0.66,44.4652,57.551,1.4763,2.452,2.1498,0.0,0.4545,8245.6356,3081.9006,3081.9006,272105.9748,101702.7198
301210.SZ,20241030,33.23,33.49,32.18,32.54,33.23,-0.69,-2.0764,12397.47,40572.841,32.54,4.0227,4.0227,0.63,43.8454,56.7487,1.4557,2.4178,2.1198,0.0,0.461,8245.6356,3081.9006,3081.9006,268312.9824,100285.0455
301210.SZ,20241029,34.2,34.55,33.15,33.23,34.22,-0.99,-2.893,14314.21,48241.599,33.23,4.6446,4.6446,0.73,44.7751,57.9521,1.4866,2.4691,2.1647,0.0,0.4514,8245.6356,3081.9006,3081.9006,274002.471,102411.5569
301210.SZ,20241028,34.56,34.56,33.73,34.22,34.41,-0.19,-0.5522,15145.57,51497.005,34.22,4.9144,4.9144,0.75,46.1091,59.6786,1.5309,2.5426,2.2292,0.0,0.4383,8245.6356,3081.9006,3081.9006,282165.6502,105462.6385
301210.SZ,20241025,33.56,34.82,33.14,34.41,33.13,1.28,3.8636,22036.35,75372.715,34.41,7.1502,7.1502,1.17,46.3651,60.01,1.5394,2.5567,2.2416,0.0,0.4359,8245.6356,3081.9006,3081.9006,283732.321,106048.1996
301210.SZ,20241024,34.12,34.51,33.0,33.13,34.77,-1.64,-4.7167,18070.0,60248.63,33.13,5.8633,5.8633,1.07,44.6404,57.7777,1.4821,2.4616,2.1582,0.0,0.4528,8245.6356,3081.9006,3081.9006,273177.9074,102103.3669
301210.SZ,20241023,34.1,36.2,33.86,34.77,34.09,0.68,1.9947,28129.36,98042.171,34.77,9.1273,9.1273,2.13,46.8502,55.5037,1.5642,2.5835,2.3557,0.0,0.4314,8245.6356,3081.9006,3081.9006,286700.7498,107157.6839
301210.SZ,20241022,33.58,34.1,33.17,34.09,33.57,0.52,1.549,15149.71,51207.998,34.09,4.9157,4.9157,1.17,45.9339,54.4182,1.5336,2.533,2.3096,0.0,0.44,8245.6356,3081.9006,3081.9006,281093.7176,105061.9915
301210.SZ,20241021,33.0,34.16,33.0,33.57,32.85,0.72,2.1918,17956.13,60231.764,33.57,5.8263,5.8263,1.52,45.2332,53.5881,1.5102,2.4943,2.2744,0.0,0.4468,8245.6356,3081.9006,3081.9006,276805.9871,103459.4031
301210.SZ,20241018,31.52,33.6,31.44,32.85,31.59,1.26,3.9886,15116.82,49146.793,32.85,4.905,4.905,1.26,44.2631,52.4388,1.4778,2.4408,2.2256,0.0,0.4566,8245.6356,3081.9006,3081.9006,270869.1295,101240.4347
301210.SZ,20241017,31.7,32.22,31.58,31.59,31.62,-0.03,-0.0949,7834.0,25018.263,31.59,2.5419,2.5419,0.55,42.5653,50.4274,1.4211,2.3472,2.1402,0.0,0.4748,8245.6356,3081.9006,3081.9006,260479.6286,97357.24
301210.SZ,20241016,31.68,32.41,31.31,31.62,32.33,-0.71,-2.1961,10081.77,32114.625,31.62,3.2713,3.2713,0.49,42.6057,50.4753,1.4225,2.3494,2.1423,0.0,0.4744,8245.6356,3081.9006,3081.9006,260726.9977,97449.697
301210.SZ,20241015,32.52,33.16,31.91,32.33,32.5,-0.17,-0.5231,13607.44,44329.078,32.33,4.4153,4.4153,0.45,43.5624,51.6087,1.4544,2.4022,2.1904,0.0,0.464,8245.6356,3081.9006,3081.9006,266581.3989,99637.8464
301210.SZ,20241014,32.01,32.5,31.25,32.5,31.85,0.65,2.0408,12549.92,40302.571,32.5,4.0721,4.0721,0.3,43.7915,51.8801,1.4621,2.4148,2.2019,0.0,0.4615,8245.6356,3081.9006,3081.9006,267983.157,100161.7695
301210.SZ,20241011,33.49,33.5,31.41,31.85,33.0,-1.15,-3.4848,15725.62,50541.445,31.85,5.1026,5.1026,0.35,42.9157,50.8425,1.4328,2.3665,2.1578,0.0,0.471,8245.6356,3081.9006,3081.9006,262623.4939,98158.5341
301210.SZ,20241010,33.62,34.42,32.35,33.0,33.0,0.0,0.0,19593.61,65483.433,33.0,6.3576,6.3576,0.45,44.4652,52.6782,1.4846,2.452,2.2357,0.0,0.4545,8245.6356,3081.9006,3081.9006,272105.9748,101702.7198
301210.SZ,20241009,37.87,37.88,33.0,33.0,40.05,-7.05,-17.603,41509.88,146650.367,33.0,13.4689,13.4689,1.14,44.4652,52.6782,1.4846,2.452,2.2357,0.0,0.4545,8245.6356,3081.9006,3081.9006,272105.9748,101702.7198
301210.SZ,20241008,42.99,44.2,36.15,40.05,37.37,2.68,7.1715,61439.92,249406.94,40.05,19.9357,19.9357,2.4,53.9646,63.9322,1.8017,2.9758,2.7134,0.0,0.3745,8245.6356,3081.9006,3081.9006,330237.7058,123430.119
301210.SZ,20240930,32.23,37.64,32.23,37.37,32.23,5.14,15.9479,69662.22,246746.059,37.37,22.6037,22.6037,5.63,50.3535,59.6541,1.6812,2.7767,2.5318,0.0,0.4014,8245.6356,3081.9006,3081.9006,308139.4024,115170.6254
301210.SZ,20240927,27.5,32.23,27.03,32.23,26.86,5.37,19.9926,35539.04,110520.06,32.23,11.5315,11.5315,5.67,43.4277,51.4491,1.4499,2.3948,2.1836,0.0,0.4654,8245.6356,3081.9006,3081.9006,265756.8354,99329.6563
301210.SZ,20240926,26.0,26.95,26.0,26.86,26.17,0.69,2.6366,7323.71,19423.965,26.86,2.3764,2.3764,1.23,36.192,42.8769,1.2083,1.9958,1.8198,0.0,0.5585,8245.6356,3081.9006,3081.9006,221477.7722,82779.8501
301210.SZ,20240925,25.91,26.55,25.91,26.17,25.68,0.49,1.9081,8866.73,23271.376,26.17,2.877,2.877,1.69,35.2623,41.7754,1.1773,1.9445,1.773,0.0,0.5732,8245.6356,3081.9006,3081.9006,215788.2837,80653.3387
301210.SZ,20240924,24.88,25.68,24.8,25.68,24.93,0.75,3.0084,6722.51,17041.092,25.68,2.1813,2.1813,1.26,34.602,40.9932,1.1553,1.9081,1.7398,0.0,0.5841,8245.6356,3081.9006,3081.9006,211747.9222,79143.2074
301210.SZ,20240923,24.81,25.08,24.62,24.93,24.89,0.04,0.1607,3433.0,8553.442,24.93,1.1139,1.1139,0.57,33.5914,39.796,1.1215,1.8524,1.689,0.0,0.6017,8245.6356,3081.9006,3081.9006,205563.6955,76831.782
301210.SZ,20240920,25.52,25.52,24.83,24.89,25.52,-0.63,-2.4687,4995.0,12539.935,24.89,1.6208,1.6208,0.72,33.5375,39.7322,1.1197,1.8494,1.6863,0.0,0.6027,8245.6356,3081.9006,3081.9006,205233.8701,76708.5059
301210.SZ,20240919,25.3,25.69,25.1,25.52,25.23,0.29,1.1494,5727.81,14573.535,25.52,1.8585,1.8585,0.88,34.3864,40.7378,1.1481,1.8962,1.729,0.0,0.5878,8245.6356,3081.9006,3081.9006,210428.6205,78650.1033
301210.SZ,20240918,25.4,25.54,24.61,25.23,25.4,-0.17,-0.6693,5382.18,13463.043,25.23,1.7464,1.7464,0.87,33.9957,40.2749,1.135,1.8746,1.7093,0.0,0.5945,8245.6356,3081.9006,3081.9006,208037.3862,77756.3521
301210.SZ,20240913,26.35,26.6,25.31,25.4,26.38,-0.98,-3.7149,7159.69,18381.02,25.4,2.3231,2.3231,1.19,34.2247,40.5463,1.1427,1.8873,1.7208,0.0,0.5906,8245.6356,3081.9006,3081.9006,209439.1442,78280.2752
301210.SZ,20240912,26.77,27.12,26.38,26.38,26.87,-0.49,-1.8236,7105.27,19015.967,26.38,2.3055,2.3055,1.05,35.5452,42.1107,1.1867,1.9601,1.7872,0.0,0.5686,8245.6356,3081.9006,3081.9006,217519.8671,81300.5378
301210.SZ,20240911,26.03,27.17,26.0,26.87,26.24,0.63,2.4009,9160.56,24542.766,26.87,2.9724,2.9724,1.16,36.2055,42.8929,1.2088,1.9965,1.8204,0.0,0.5582,8245.6356,3081.9006,3081.9006,221560.2286,82810.6691
301210.SZ,20240910,26.16,26.74,25.93,26.24,26.19,0.05,0.1909,3800.0,9950.492,26.24,1.233,1.233,0.42,35.3566,41.8872,1.1804,1.9497,1.7778,0.0,0.5716,8245.6356,3081.9006,3081.9006,216365.4781,80869.0717
301210.SZ,20240909,26.58,26.75,26.05,26.19,26.58,-0.39,-1.4673,3824.26,10081.8,26.19,1.2409,1.2409,0.38,35.2892,41.8074,1.1782,1.946,1.7744,0.0,0.5727,8245.6356,3081.9006,3081.9006,215953.1964,80714.9767
301210.SZ,20240906,27.24,27.28,26.49,26.58,27.16,-0.58,-2.1355,6145.94,16470.318,26.58,1.9942,1.9942,0.58,35.8147,42.4299,1.1957,1.975,1.8008,0.0,0.5643,8245.6356,3081.9006,3081.9006,219168.9942,81916.9179
301210.SZ,20240905,27.44,27.77,26.93,27.16,27.55,-0.39,-1.4156,10870.53,29620.879,27.16,3.5272,3.5272,1.09,36.5962,43.3558,1.2218,2.018,1.8401,0.0,0.5523,8245.6356,3081.9006,3081.9006,223951.4629,83704.4203
301210.SZ,20240904,27.01,28.33,26.88,27.55,27.14,0.41,1.5107,14786.81,40807.281,27.55,4.798,4.798,1.79,37.1217,43.9783,1.2394,2.047,1.8665,0.0,0.5445,8245.6356,3081.9006,3081.9006,227167.2608,84906.3615
301210.SZ,20240903,26.52,27.58,26.4,27.14,26.51,0.63,2.3765,9441.01,25554.369,27.14,3.0634,3.0634,1.2,36.5693,43.3239,1.2209,2.0166,1.8387,0.0,0.5527,8245.6356,3081.9006,3081.9006,223786.5502,83642.7823
301210.SZ,20240902,26.51,27.25,26.42,26.51,26.68,-0.17,-0.6372,8567.0,23040.953,26.51,2.7798,2.7798,1.0,35.7204,42.3182,1.1926,1.9697,1.7961,0.0,0.5658,8245.6356,3081.9006,3081.9006,218591.7998,81701.1849
301210.SZ,20240830,26.49,27.09,26.28,26.68,26.58,0.1,0.3762,9316.06,24937.23,26.68,3.0228,3.0228,1.05,35.9494,42.5896,1.2002,1.9824,1.8076,0.0,0.5622,8245.6356,3081.9006,3081.9006,219993.5578,82225.108
301210.SZ,20240829,25.89,26.6,25.69,26.58,25.82,0.76,2.9435,7900.81,20804.213,26.58,2.5636,2.5636,0.78,35.8147,42.4299,1.1957,1.975,1.8008,0.0,0.5643,8245.6356,3081.9006,3081.9006,219168.9942,81916.9179
301210.SZ,20240828,25.42,26.16,25.23,25.82,25.36,0.46,1.8139,6017.0,15544.05,25.82,1.9524,1.9524,0.51,34.7907,41.2167,1.1616,1.9185,1.7493,0.0,0.5809,8245.6356,3081.9006,3081.9006,212902.3112,79574.6735
301210.SZ,20240827,26.0,26.21,25.2,25.36,26.28,-0.92,-3.5008,7392.53,18981.409,25.36,2.3987,2.3987,0.65,34.1708,35.7431,1.1511,1.8843,1.8333,0.0,0.5915,8245.6356,3081.9006,3081.9006,209109.3188,78156.9992
301210.SZ,20240826,25.05,26.98,25.05,26.28,25.05,1.23,4.9102,12236.13,32303.222,26.28,3.9703,3.9703,1.23,35.4105,37.0397,1.1929,1.9527,1.8998,0.0,0.5708,8245.6356,3081.9006,3081.9006,216695.3036,80992.3478
301210.SZ,20240823,26.02,26.3,24.97,25.05,26.3,-1.25,-4.7529,10703.93,27152.725,25.05,3.4732,3.4732,1.2,33.7531,35.3061,1.1371,1.8613,1.8109,0.0,0.5988,8245.6356,3081.9006,3081.9006,206553.1718,77201.61
301210.SZ,20240822,26.91,27.76,26.0,26.3,26.94,-0.64,-2.3756,14251.18,38429.416,26.3,4.6242,4.6242,1.98,35.4374,37.0679,1.1938,1.9541,1.9013,0.0,0.5703,8245.6356,3081.9006,3081.9006,216860.2163,81053.9858
301210.SZ,20240821,25.48,27.76,25.35,26.94,25.57,1.37,5.3578,14823.43,39474.956,26.94,4.8098,4.8098,2.4,36.2998,37.97,1.2228,2.0017,1.9475,0.0,0.5568,8245.6356,3081.9006,3081.9006,222137.4231,83026.4022
301210.SZ,20240820,26.15,26.48,25.5,25.57,26.15,-0.58,-2.218,4522.81,11674.781,25.57,1.4675,1.4675,0.57,34.4538,36.039,1.1607,1.8999,1.8485,0.0,0.5866,8245.6356,3081.9006,3081.9006,210840.9023,78804.1983
301210.SZ,20240819,26.78,26.8,26.1,26.15,26.78,-0.63,-2.3525,5599.0,14806.677,26.15,1.8167,1.8167,0.75,35.2353,36.8565,1.187,1.943,1.8904,0.0,0.5736,8245.6356,3081.9006,3081.9006,215623.3709,80591.7007
301210.SZ,20240816,26.73,27.12,26.49,26.78,26.6,0.18,0.6767,5239.54,14030.978,26.78,1.7001,1.7001,0.73,36.0842,37.7444,1.2156,1.9898,1.936,0.0,0.5601,8245.6356,3081.9006,3081.9006,220818.1214,82533.2981
301210.SZ,20240815,26.79,26.95,26.34,26.6,26.8,-0.2,-0.7463,5786.89,15443.183,26.6,1.8777,1.8777,0.79,35.8416,37.4907,1.2074,1.9764,1.923,0.0,0.5639,8245.6356,3081.9006,3081.9006,219333.907,81978.556
301210.SZ,20240814,26.66,26.87,26.32,26.8,27.02,-0.22,-0.8142,9739.55,25944.212,26.8,3.1602,3.1602,1.54,36.1111,37.7726,1.2165,1.9913,1.9374,0.0,0.5597,8245.6356,3081.9006,3081.9006,220983.0341,82594.9361
301210.SZ,20240813,26.03,28.09,25.73,27.02,25.88,1.14,4.4049,13412.55,36079.911,27.02,4.352,4.352,2.73,36.4076,38.0827,1.2265,2.0076,1.9533,0.0,0.5551,8245.6356,3081.9006,3081.9006,222797.0739,83272.9542
301210.SZ,20240812,26.1,26.25,25.7,25.88,26.13,-0.25,-0.9568,3227.66,8379.392,25.88,1.0473,1.0473,0.57,34.8715,36.476,1.1747,1.9229,1.8709,0.0,0.5796,8245.6356,3081.9006,3081.9006,213397.0493,79759.5875
301210.SZ,20240809,26.31,26.67,26.1,26.13,26.3,-0.17,-0.6464,3771.0,9935.634,26.13,1.2236,1.2236,0.61,35.2084,36.8283,1.1861,1.9415,1.889,0.0,0.5741,8245.6356,3081.9006,3081.9006,215458.4582,80530.0627
301210.SZ,20240808,27.01,27.01,25.95,26.3,26.78,-0.48,-1.7924,6319.08,16606.27,26.3,2.0504,2.0504,0.95,35.4374,37.0679,1.1938,1.9541,1.9013,0.0,0.5703,8245.6356,3081.9006,3081.9006,216860.2163,81053.9858
301210.SZ,20240807,26.81,27.26,26.69,26.78,26.86,-0.08,-0.2978,4905.0,13236.251,26.78,1.5916,1.5916,0.65,36.0842,37.7444,1.2156,1.9898,1.936,0.0,0.5601,8245.6356,3081.9006,3081.9006,220818.1214,82533.2981
301210.SZ,20240806,26.4,26.99,26.4,26.86,26.3,0.56,2.1293,6360.22,17007.631,26.86,2.0637,2.0637,0.87,36.192,37.8572,1.2192,1.9958,1.9418,0.0,0.5585,8245.6356,3081.9006,3081.9006,221477.7722,82779.8501
301210.SZ,20240805,27.15,27.68,26.3,26.3,27.38,-1.08,-3.9445,6806.34,18325.163,26.3,2.2085,2.2085,0.94,35.4374,37.0679,1.1938,1.9541,1.9013,0.0,0.5703,8245.6356,3081.9006,3081.9006,216860.2163,81053.9858
301210.SZ,20240802,27.53,28.14,27.34,27.38,27.97,-0.59,-2.1094,6757.14,18741.532,27.38,2.1925,2.1925,0.86,36.8926,38.5901,1.2428,2.0344,1.9794,0.0,0.5478,8245.6356,3081.9006,3081.9006,225765.5027,84382.4384
301210.SZ,20240801,27.49,28.28,27.48,27.97,27.58,0.39,1.4141,8402.53,23369.873,27.97,2.7264,2.7264,0.95,37.6876,39.4217,1.2696,2.0782,2.022,0.0,0.5363,8245.6356,3081.9006,3081.9006,230630.4277,86200.7598
301210.SZ,20240731,26.85,27.64,26.72,27.58,26.85,0.73,2.7188,9168.0,25098.916,27.58,2.9748,2.9748,0.8,37.1621,38.872,1.2519,2.0493,1.9938,0.0,0.5439,8245.6356,3081.9006,3081.9006,227414.6298,84998.8185
301210.SZ,20240730,26.95,27.19,26.6,26.85,27.1,-0.25,-0.9225,5498.87,14760.307,26.85,1.7842,1.7842,0.49,36.1785,37.8431,1.2188,1.995,1.941,0.0,0.5587,8245.6356,3081.9006,3081.9006,221395.3159,82749.0311
301210.SZ,20240729,26.77,27.24,26.6,27.1,27.01,0.09,0.3332,6313.81,16989.21,27.1,2.0487,2.0487,0.58,36.5154,38.1955,1.2301,2.0136,1.9591,0.0,0.5535,8245.6356,3081.9006,3081.9006,223456.7248,83519.5063
301210.SZ,20240726,26.5,27.19,26.41,27.01,26.73,0.28,1.0475,9752.91,26272.518,27.01,3.1646,3.1646,0.98,36.3941,38.0686,1.226,2.0069,1.9526,0.0,0.5553,8245.6356,3081.9006,3081.9006,222714.6176,83242.1352
301210.SZ,20240725,26.23,27.16,25.78,26.73,27.35,-0.62,-2.2669,13583.83,35919.714,26.73,4.4076,4.4076,1.66,36.0168,37.674,1.2133,1.9861,1.9324,0.0,0.5612,8245.6356,3081.9006,3081.9006,220405.8396,82379.203
301210.SZ,20240724,30.04,30.58,27.14,27.35,26.2,1.15,4.3893,22305.2,62459.295,27.35,7.2375,7.2375,4.63,36.8522,38.5478,1.2415,2.0322,1.9772,0.0,0.5484,8245.6356,3081.9006,3081.9006,225518.1337,84289.9814
301210.SZ,20240723,26.62,27.0,26.1,26.2,26.88,-0.68,-2.5298,3948.74,10507.707,26.2,1.2813,1.2813,0.72,35.3027,36.927,1.1893,1.9467,1.8941,0.0,0.5725,8245.6356,3081.9006,3081.9006,216035.6527,80745.7957
301210.SZ,20240722,26.95,27.15,26.56,26.88,26.71,0.17,0.6365,4529.01,12131.777,26.88,1.4696,1.4696,0.68,36.2189,37.8854,1.2201,1.9972,1.9432,0.0,0.558,8245.6356,3081.9006,3081.9006,221642.6849,82841.4881
301210.SZ,20240719,26.05,27.0,26.03,26.71,26.18,0.53,2.0244,5227.81,13927.375,26.71,1.6963,1.6963,0.67,35.9899,37.6458,1.2124,1.9846,1.9309,0.0,0.5616,8245.6356,3081.9006,3081.9006,220240.9269,82317.565
301210.SZ,20240718,26.48,26.56,25.6,26.18,26.51,-0.33,-1.2448,4826.89,12579.19,26.18,1.5662,1.5662,0.52,35.2757,36.8988,1.1883,1.9452,1.8926,0.0,0.573,8245.6356,3081.9006,3081.9006,215870.74,80684.1577
301210.SZ,20240717,27.05,27.44,26.51,26.51,27.0,-0.49,-1.8148,5572.0,14895.593,26.51,1.808,1.808,0.57,35.7204,37.3639,1.2033,1.9697,1.9165,0.0,0.5658,8245.6356,3081.9006,3081.9006,218591.7998,81701.1849
301210.SZ,20240716,26.65,27.58,26.6,27.0,26.9,0.1,0.3717,7452.99,20142.909,27.0,2.4183,2.4183,0.7,36.3806,38.0545,1.2256,2.0062,1.9519,0.0,0.5556,8245.6356,3081.9006,3081.9006,222632.1612,83211.3162
301210.SZ,20240715,27.45,28.46,26.62,26.9,27.6,-0.7,-2.5362,10281.05,27907.849,26.9,3.3359,3.3359,1.05,36.2459,37.9136,1.221,1.9987,1.9447,0.0,0.5576,8245.6356,3081.9006,3081.9006,221807.5976,82903.1261
301210.SZ,20240712,27.27,27.93,27.09,27.6,27.38,0.22,0.8035,10600.75,29190.894,27.6,3.4397,3.4397,1.21,37.1891,38.9002,1.2528,2.0507,1.9953,0.0,0.5435,8245.6356,3081.9006,3081.9006,227579.5426,85060.4566
301210.SZ,20240711,26.38,27.38,26.34,27.38,26.0,1.38,5.3077,12376.09,33320.064,27.38,4.0157,4.0157,1.75,36.8926,38.5901,1.2428,2.0344,1.9794,0.0,0.5478,8245.6356,3081.9006,3081.9006,225765.5027,84382.4384
301210.SZ,20240710,25.92,26.23,25.51,26.0,25.87,0.13,0.5025,7880.49,20508.927,26.0,2.557,2.557,1.23,35.0332,36.6451,1.1802,1.9319,1.8796,0.0,0.5769,8245.6356,3081.9006,3081.9006,214386.5256,80129.4156
301210.SZ,20240709,26.68,26.68,25.45,25.87,26.29,-0.42,-1.5976,12447.5,32323.478,25.87,4.0389,4.0389,2.49,34.858,36.4619,1.1743,1.9222,1.8702,0.0,0.5798,8245.6356,3081.9006,3081.9006,213314.593,79728.7685
301210.SZ,20240708,27.54,27.55,26.2,26.29,27.52,-1.23,-4.4695,5735.0,15302.888,26.29,1.8609,1.8609,1.11,35.4239,37.0538,1.1933,1.9534,1.9006,0.0,0.5706,8245.6356,3081.9006,3081.9006,216777.7599,81023.1668
301210.SZ,20240705,27.98,27.98,27.23,27.52,27.79,-0.27,-0.9716,5236.4,14445.134,27.52,1.6991,1.6991,1.0,37.0813,38.7874,1.2492,2.0448,1.9895,0.0,0.5451,8245.6356,3081.9006,3081.9006,226919.8917,84813.9045
301210.SZ,20240704,28.67,28.88,27.73,27.79,28.67,-0.88,-3.0694,4124.4,11611.329,27.79,1.3383,1.3383,0.68,37.4451,39.168,1.2614,2.0649,2.009,0.0,0.5398,8245.6356,3081.9006,3081.9006,229146.2133,85646.0177
301210.SZ,20240703,29.2,29.3,28.45,28.67,29.2,-0.53,-1.8151,4384.32,12645.088,28.67,1.4226,1.4226,0.6,38.6308,40.4083,1.3014,2.1302,2.0726,0.0,0.5232,8245.6356,3081.9006,3081.9006,236402.3727,88358.0902
301210.SZ,20240702,29.71,29.88,28.91,29.2,29.71,-0.51,-1.7166,5500.05,16143.199,29.2,1.7846,1.7846,0.78,39.345,41.1553,1.3254,2.1696,2.1109,0.0,0.5137,8245.6356,3081.9006,3081.9006,240772.5595,89991.4975
301210.SZ,20240701,30.0,30.3,29.31,29.71,30.01,-0.3,-0.9997,6496.0,19260.674,29.71,2.1078,2.1078,0.91,40.0322,41.8741,1.3486,2.2075,2.1478,0.0,0.5049,8245.6356,3081.9006,3081.9006,244977.8337,91563.2668
301210.SZ,20240628,29.92,30.53,29.7,30.01,29.93,0.08,0.2673,5651.19,17064.159,30.01,3.2607,3.2607,0.8,40.4364,42.2969,1.3622,2.2298,2.1695,0.0,0.4998,8245.6356,1733.1436,1733.1436,247451.5244,52011.6394
301210.SZ,20240627,30.24,30.76,29.88,29.93,30.7,-0.77,-2.5081,8139.62,24673.532,29.93,4.6964,4.6964,1.27,40.3286,42.1841,1.3586,2.2239,2.1637,0.0,0.5012,8245.6356,1733.1436,1733.1436,246791.8735,51872.9879
301210.SZ,20240626,28.74,31.68,28.51,30.7,28.7,2.0,6.9686,10870.56,32934.054,30.7,6.2722,6.2722,2.14,41.3661,43.2694,1.3935,2.2811,2.2194,0.0,0.4886,8245.6356,1733.1436,1733.1436,253141.0129,53207.5085
301210.SZ,20240625,28.35,28.88,28.21,28.7,28.26,0.44,1.557,3975.62,11373.086,28.7,2.2939,2.2939,0.75,38.6713,40.4505,1.3027,2.1325,2.0748,0.0,0.5226,8245.6356,1733.1436,1733.1436,236649.7417,49741.2213
301210.SZ,20240624,30.3,30.34,28.11,28.26,30.29,-2.03,-6.7019,7028.0,20377.273,28.26,4.0551,4.0551,1.36,38.0784,39.8304,1.2828,2.0998,2.043,0.0,0.5308,8245.6356,1733.1436,1733.1436,233021.6621,48978.6381
301210.SZ,20240621,30.88,31.2,30.2,30.29,31.11,-0.82,-2.6358,5192.88,15842.058,30.29,2.9962,2.9962,1.03,40.8137,42.6915,1.3749,2.2506,2.1897,0.0,0.4952,8245.6356,1733.1436,1733.1436,249760.3023,52496.9196
301210.SZ,20240620,32.17,32.3,31.1,31.11,32.17,-1.06,-3.295,4903.74,15470.299,31.11,2.8294,2.8294,0.88,41.9186,43.8473,1.4121,2.3115,2.249,0.0,0.4822,8245.6356,1733.1436,1733.1436,256521.7235,53918.0974
301210.SZ,20240619,32.53,32.65,31.94,32.17,32.53,-0.36,-1.1067,4319.06,13904.534,32.17,2.492,2.492,0.76,43.3468,45.3413,1.4602,2.3903,2.3256,0.0,0.4663,8245.6356,1733.1436,1733.1436,265262.0973,55755.2296
301210.SZ,20240618,32.37,32.71,31.92,32.53,32.38,0.15,0.4632,5149.46,16724.767,32.53,2.9712,2.9712,0.93,43.8319,45.8486,1.4766,2.417,2.3517,0.0,0.4611,8245.6356,1733.1436,1733.1436,268230.5261,56379.1613
301210.SZ,20240617,32.07,32.78,31.6,32.38,31.91,0.47,1.4729,6294.74,20307.013,32.38,3.632,3.632,1.16,43.6298,45.6372,1.4698,2.4059,2.3408,0.0,0.4632,8245.6356,1733.1436,1733.1436,266993.6807,56119.1898
301210.SZ,20240614,31.97,32.3,31.4,31.91,32.08,-0.17,-0.5299,4475.49,14257.049,31.91,2.5823,2.5823,0.73,42.9965,44.9748,1.4484,2.371,2.3068,0.0,0.4701,8245.6356,1733.1436,1733.1436,263118.232,55304.6123
301210.SZ,20240613,31.47,32.55,31.4,32.08,31.47,0.61,1.9384,7628.0,24490.347,32.08,4.4013,4.4013,1.17,43.2256,45.2144,1.4562,2.3836,2.3191,0.0,0.4676,8245.6356,1733.1436,1733.1436,264519.99,55599.2467
301210.SZ,20240612,30.84,31.9,30.7,31.62,31.05,0.57,1.8357,5009.97,15824.457,31.62,2.8907,2.8907,0.65,42.6057,44.5661,1.4256,2.3494,2.2859,0.0,,8245.6356,1733.1436,1733.1436,260726.9977,54802.0006
301210.SZ,20240611,31.18,31.22,29.83,31.05,30.83,0.22,0.7136,4373.75,13401.23,31.05,2.5236,2.5236,0.52,41.8377,43.7627,1.3999,2.3071,2.2447,0.0,,8245.6356,1733.1436,1733.1436,256026.9854,53814.1088
301210.SZ,20240607,30.58,30.98,30.2,30.83,30.0,0.83,2.7667,5691.81,17408.243,30.83,3.2841,3.2841,0.69,41.5413,43.4526,1.39,2.2907,2.2288,0.0,,8245.6356,1733.1436,1733.1436,254212.9455,53432.8172
301210.SZ,20240606,31.68,31.85,29.96,30.0,31.67,-1.67,-5.2731,8070.0,24692.472,30.0,4.6563,4.6563,1.0,40.4229,42.2828,1.3525,2.2291,2.1688,0.0,,8245.6356,1733.1436,1733.1436,247369.068,51994.308
301210.SZ,20240605,32.78,32.95,31.59,31.67,33.15,-1.48,-4.4646,9564.33,30829.437,31.67,5.5185,5.5185,1.25,42.6731,44.6365,1.4278,2.3531,2.2895,0.0,,8245.6356,1733.1436,1733.1436,261139.2795,54888.6578
301210.SZ,20240604,32.76,33.97,31.5,33.15,32.75,0.4,1.2214,10916.19,35994.119,33.15,6.2985,6.2985,1.68,44.6673,46.7225,1.4945,2.4631,2.3965,0.0,,8245.6356,1733.1436,1733.1436,273342.8201,57453.7103
301210.SZ,20240603,34.13,34.13,32.56,32.75,34.13,-1.38,-4.0434,7674.11,25476.665,32.75,4.4279,4.4279,1.16,44.1283,46.1587,1.4765,2.4334,2.3676,0.0,,8245.6356,1733.1436,1733.1436,270044.5659,56760.4529
301210.SZ,20240531,34.0,34.17,33.51,34.13,33.7,0.43,1.276,4846.6,16446.869,34.13,2.7964,2.7964,0.59,45.9878,48.1037,1.5387,2.5359,2.4673,0.0,,8245.6356,1733.1436,1733.1436,281423.543,59152.1911
301210.SZ,20240530,34.25,34.58,33.33,33.7,34.27,-0.57,-1.6633,7352.72,24944.108,33.7,4.2424,4.2424,0.87,45.4084,47.4977,1.5193,2.504,2.4362,0.0,,8245.6356,1733.1436,1733.1436,277877.9197,58406.9393
301210.SZ,20240529,34.0,34.62,33.49,34.27,33.57,0.7,2.0852,7431.82,25419.735,34.27,4.2881,4.2881,0.83,46.1764,48.3011,1.545,2.5463,2.4774,0.0,,8245.6356,1733.1436,1733.1436,282577.932,59394.8312
301210.SZ,20240528,34.0,34.18,33.5,33.57,34.34,-0.77,-2.2423,5107.59,17237.124,33.57,2.947,2.947,0.53,45.2332,47.3145,1.5135,2.4943,2.4268,0.0,,8245.6356,1733.1436,1733.1436,276805.9871,58181.6307
301210.SZ,20240527,34.36,34.58,33.26,34.34,34.3,0.04,0.1166,8368.01,28341.111,34.34,4.8282,4.8282,0.76,46.2708,48.3997,1.5482,2.5515,2.4825,0.0,,8245.6356,1733.1436,1733.1436,283155.1265,59516.1512
301210.SZ,20240524,35.32,35.32,33.93,34.3,35.32,-1.02,-2.8879,12767.16,44016.714,34.3,7.3665,7.3665,1.19,46.2169,48.3433,1.5464,2.5486,2.4796,0.0,,8245.6356,1733.1436,1733.1436,282825.3011,59446.8255
301210.SZ,20240523,36.3,36.3,35.01,35.32,36.28,-0.96,-2.6461,8781.38,31262.345,35.32,5.0667,5.0667,0.69,47.5912,49.7809,1.5924,2.6244,2.5534,0.0,,8245.6356,1733.1436,1733.1436,291235.8494,61214.632
301210.SZ,20240522,35.46,36.4,35.46,36.28,35.77,0.51,1.4258,9704.33,35030.39,36.28,5.5993,5.5993,0.65,48.8848,51.134,1.6357,2.6957,2.6228,0.0,,8245.6356,1733.1436,1733.1436,299151.6596,62878.4498
301210.SZ,20240521,36.06,36.24,35.26,35.77,36.6,-0.83,-2.2678,8800.54,31505.327,35.77,5.0778,5.0778,0.55,48.1976,50.4152,1.6127,2.6578,2.5859,0.0,,8245.6356,1733.1436,1733.1436,294946.3854,61994.5466
301210.SZ,20240520,35.74,36.8,35.31,36.6,35.46,1.14,3.2149,14920.31,54089.986,36.6,8.6088,8.6088,0.85,49.3159,51.585,1.6501,2.7195,2.6459,0.0,,8245.6356,1733.1436,1733.1436,301790.263,63433.0558
301210.SZ,20240517,35.78,36.0,35.14,35.46,36.0,-0.54,-1.5,11601.0,41014.539,35.46,6.6936,6.6936,0.48,47.7799,49.9783,1.5987,2.6348,2.5635,0.0,,8245.6356,1733.1436,1733.1436,292390.2384,61457.2721
301210.SZ,20240516,37.0,37.78,35.68,36.0,36.93,-0.93,-2.5183,18860.08,69051.034,36.0,10.882,10.882,0.66,48.5075,50.7394,1.623,2.6749,2.6025,0.0,,8245.6356,1733.1436,1733.1436,296842.8816,62393.1696
301210.SZ,20240515,35.72,36.96,35.16,36.93,36.06,0.87,2.4126,20739.86,75353.976,36.93,11.9666,11.9666,0.82,49.7606,52.0501,1.665,2.744,2.6697,0.0,,8245.6356,1733.1436,1733.1436,304511.3227,64004.9931
301210.SZ,20240514,35.88,36.37,35.6,36.06,36.8,-0.74,-2.0109,13305.75,47848.884,36.06,7.6772,7.6772,0.56,48.5883,50.8239,1.6257,2.6793,2.6069,0.0,,8245.6356,1733.1436,1733.1436,297337.6197,62497.1582
301210.SZ,20240513,35.56,36.88,34.72,36.8,36.58,0.22,0.6014,22751.9,81503.164,36.8,13.1275,13.1275,1.11,49.5854,51.8669,1.6591,2.7343,2.6603,0.0,,8245.6356,1733.1436,1733.1436,303439.3901,63779.6845
301210.SZ,20240510,40.3,40.5,35.91,36.58,39.58,-3.0,-7.5796,44771.33,166559.623,36.58,25.8324,25.8324,3.41,49.289,51.5568,1.6492,2.718,2.6444,0.0,,8245.6356,1733.1436,1733.1436,301625.3502,63398.3929
301210.SZ,20240509,34.55,39.58,34.5,39.58,32.98,6.6,20.0121,42041.12,162922.152,39.58,24.2571,24.2571,6.39,53.3313,55.7851,1.7844,2.9409,2.8613,0.0,,8245.6356,1733.1436,1733.1436,326362.257,68597.8237
301210.SZ,20240508,33.17,33.18,32.66,32.98,33.18,-0.2,-0.6028,4339.0,14265.085,32.98,2.5035,2.5035,0.57,44.4383,46.4829,1.4869,2.4505,2.3842,0.0,,8245.6356,1733.1436,1733.1436,271941.0621,57159.0759
301210.SZ,20240507,33.13,33.31,32.87,33.18,33.13,0.05,0.1509,4870.69,16108.542,33.18,2.8103,2.8103,0.56,44.7077,46.7648,1.4959,2.4653,2.3987,0.0,,8245.6356,1733.1436,1733.1436,273590.1892,57505.7046
301210.SZ,20240506,32.9,33.28,32.71,33.13,32.62,0.51,1.5635,6345.72,20953.866,33.13,3.6614,3.6614,0.75,44.6404,46.6943,1.4936,2.4616,2.395,0.0,,8245.6356,1733.1436,1733.1436,273177.9074,57419.0475
301210.SZ,20240430,32.55,32.88,31.7,32.62,32.61,0.01,0.0307,8048.22,25919.136,32.62,4.6437,4.6437,1.05,43.9532,45.9755,1.4707,2.4237,2.3582,0.0,,8245.6356,1733.1436,1733.1436,268972.6333,56535.1442
301210.SZ,20240429,31.39,32.68,31.39,32.61,31.4,1.21,3.8535,9273.69,29897.241,32.61,5.3508,5.3508,1.39,43.9397,45.9614,1.4702,2.423,2.3574,0.0,,8245.6356,1733.1436,1733.1436,268890.1769,56517.8128
301210.SZ,20240426,32.01,32.01,30.5,31.4,31.92,-0.52,-1.6291,9695.27,30280.096,31.4,5.594,5.594,1.62,42.3093,44.256,1.4156,2.3331,2.27,0.0,,8245.6356,1733.1436,1733.1436,258912.9578,54420.709
301210.SZ,20240425,30.67,32.35,30.53,31.92,30.66,1.26,4.1096,10228.22,32288.873,31.92,5.9015,5.9015,1.91,24.2694,32.7959,1.4565,2.1409,2.3711,0.0,,8245.6356,1733.1436,1733.1436,263200.6884,55321.9437
301210.SZ,20240424,30.12,30.83,30.1,30.66,30.16,0.5,1.6578,4787.99,14625.737,30.66,2.7626,2.7626,0.76,23.3114,31.5013,1.399,2.0564,2.2775,0.0,,8245.6356,1733.1436,1733.1436,252811.1875,53138.1828
301210.SZ,20240423,30.02,30.58,29.84,30.16,30.02,0.14,0.4664,4246.29,12802.403,30.16,2.4501,2.4501,0.56,22.9312,30.9876,1.3762,2.0228,2.2404,0.0,,8245.6356,1733.1436,1733.1436,248688.3697,52271.611
301210.SZ,20240422,30.01,30.27,29.01,30.02,30.01,0.01,0.0333,4476.58,13278.632,30.02,2.5829,2.5829,0.48,22.8247,30.8437,1.3698,2.0134,2.23,0.0,,8245.6356,1733.1436,1733.1436,247533.9807,52028.9709
301210.SZ,20240419,31.01,31.01,29.86,30.01,31.01,-1.0,-3.2248,6261.76,18905.734,30.01,3.6129,3.6129,0.61,22.8171,30.8335,1.3694,2.0128,2.2292,0.0,,8245.6356,1733.1436,1733.1436,247451.5244,52011.6394
301210.SZ,20240418,32.11,32.68,30.79,31.01,31.77,-0.76,-2.3922,7071.57,22090.789,31.01,4.0802,4.0802,0.61,23.5775,31.8609,1.415,2.0798,2.3035,0.0,,8245.6356,1733.1436,1733.1436,255697.16,53744.783
301210.SZ,20240417,30.0,31.86,30.0,31.77,29.28,2.49,8.5041,9627.45,30117.914,31.77,5.5549,5.5549,0.63,24.1553,32.6418,1.4497,2.1308,2.3599,0.0,,8245.6356,1733.1436,1733.1436,261963.843,55061.9722
301210.SZ,20240416,32.65,32.65,29.01,29.28,32.83,-3.55,-10.8133,10201.84,30871.807,29.28,5.8863,5.8863,0.65,22.2621,30.0834,1.336,1.9638,2.175,0.0,,8245.6356,1733.1436,1733.1436,241432.2104,50746.4446
301210.SZ,20240415,36.0,36.58,32.23,32.83,36.18,-3.35,-9.2593,13854.02,47042.438,32.83,7.9936,7.9936,0.83,24.9612,33.7308,1.498,2.2019,2.4387,0.0,,8245.6356,1733.1436,1733.1436,270704.2167,56899.1044
301210.SZ,20240412,38.0,38.02,36.03,36.18,38.03,-1.85,-4.8646,10612.5,39351.637,36.18,6.1233,6.1233,0.54,27.5083,37.1728,1.6509,2.4266,2.6875,0.0,,8245.6356,1733.1436,1733.1436,298327.096,62705.1354
301210.SZ,20240411,38.02,38.48,37.11,38.03,39.24,-1.21,-3.0836,13669.28,51786.939,38.03,7.887,7.887,0.63,28.9149,39.0735,1.7353,2.5507,2.825,0.0,,8245.6356,1733.1436,1733.1436,313581.5219,65911.4511
301210.SZ,20240410,38.42,40.36,36.16,39.24,38.16,1.08,2.8302,27599.3,106129.157,39.24,15.9244,15.9244,1.32,29.8349,40.3167,1.7905,2.6318,2.9148,0.0,,8245.6356,1733.1436,1733.1436,323558.7409,68008.5549
301210.SZ,20240409,37.24,38.78,37.2,38.16,37.53,0.63,1.6787,13177.25,50321.039,38.16,7.6031,7.6031,0.56,29.0137,39.2071,1.7412,2.5594,2.8346,0.0,,8245.6356,1733.1436,1733.1436,314653.4545,66136.7598
301210.SZ,20240408,39.03,40.24,37.1,37.53,39.42,-1.89,-4.7945,17943.53,69498.924,37.53,10.3532,10.3532,0.77,28.5347,38.5598,1.7125,2.5171,2.7878,0.0,,8245.6356,1733.1436,1733.1436,309458.7041,65044.8793
301210.SZ,20240403,37.99,39.91,37.05,39.42,38.74,0.68,1.7553,25531.38,98825.632,39.42,14.7313,14.7313,1.16,29.9717,40.5017,1.7987,2.6439,2.9282,0.0,,8245.6356,1733.1436,1733.1436,325042.9554,68320.5207
301210.SZ,20240402,37.84,39.5,37.31,38.74,38.28,0.46,1.2017,23858.86,91413.785,38.74,13.7662,13.7662,1.03,29.4547,39.803,1.7677,2.5983,2.8777,0.0,,8245.6356,1733.1436,1733.1436,319435.9231,67141.9831
301210.SZ,20240401,38.03,39.31,37.18,38.28,38.19,0.09,0.2357,23995.68,91717.755,38.28,13.8452,13.8452,1.07,29.105,39.3304,1.7467,2.5674,2.8435,0.0,,8245.6356,1733.1436,1733.1436,315642.9308,66344.737
301210.SZ,20240329,38.06,40.48,37.6,38.19,36.66,1.53,4.1735,25617.33,99343.863,38.19,14.7808,14.7808,1.39,29.0365,39.2379,1.7426,2.5614,2.8368,0.0,,8245.6356,1733.1436,1733.1436,314900.8236,66188.7541
301210.SZ,20240328,35.59,37.48,35.31,36.66,36.42,0.24,0.659,17202.8,62750.302,36.66,9.9258,9.9258,1.05,27.8733,37.6659,1.6728,2.4588,2.7232,0.0,,8245.6356,1733.1436,1733.1436,302285.0011,63537.0444
301210.SZ,20240327,38.6,39.6,36.0,36.42,39.93,-3.51,-8.7904,19536.07,72684.909,36.42,11.272,11.272,1.41,27.6908,37.4193,1.6618,2.4427,2.7054,0.0,,8245.6356,1733.1436,1733.1436,300306.0486,63121.0899
301210.SZ,20240326,36.7,41.44,36.51,39.93,37.22,2.71,7.281,29810.58,117934.573,39.93,17.2003,17.2003,3.06,30.3595,41.0257,1.822,2.6781,2.9661,0.0,,8245.6356,1733.1436,1733.1436,329248.2295,69204.4239
301210.SZ,20240325,35.27,38.33,34.5,37.22,35.24,1.98,5.6186,19830.79,72852.304,37.22,11.4421,11.4421,2.6,28.299,38.2413,1.6983,2.4963,2.7648,0.0,,8245.6356,1733.1436,1733.1436,306902.557,64507.6048
301210.SZ,20240322,35.88,36.13,34.9,35.24,35.73,-0.49,-1.3714,5684.47,20063.257,35.24,3.2799,3.2799,0.75,26.7936,36.207,1.608,2.3635,2.6177,0.0,,8245.6356,1733.1436,1733.1436,290576.1985,61075.9805
301210.SZ,20240321,36.44,36.44,35.25,35.73,36.23,-0.5,-1.3801,6852.58,24484.834,35.73,3.9538,3.9538,0.87,27.1662,36.7104,1.6304,2.3964,2.6541,0.0,,8245.6356,1733.1436,1733.1436,294616.56,61925.2208
301210.SZ,20240320,35.63,36.23,35.0,36.23,35.54,0.69,1.9415,7197.49,25860.251,36.23,4.1529,4.1529,0.79,27.5463,37.2241,1.6532,2.4299,2.6912,0.0,,8245.6356,1733.1436,1733.1436,298739.3778,62791.7926
301210.SZ,20240319,35.53,36.5,35.3,35.54,35.54,0.0,0.0,9127.86,32767.755,35.54,5.2666,5.2666,0.85,27.0217,36.5152,1.6217,2.3837,2.64,0.0,,8245.6356,1733.1436,1733.1436,293049.8892,61595.9235
301210.SZ,20240318,35.73,35.85,35.07,35.54,35.1,0.44,1.2536,9306.78,33005.328,35.54,5.3699,5.3699,0.78,27.0217,36.5152,1.6217,2.3837,2.64,0.0,,8245.6356,1733.1436,1733.1436,293049.8892,61595.9235
301210.SZ,20240315,34.53,35.15,34.3,35.1,34.87,0.23,0.6596,5200.72,18133.225,35.1,3.0007,3.0007,0.43,26.6872,36.0631,1.6016,2.3542,2.6073,0.0,,8245.6356,1733.1436,1733.1436,289421.8096,60833.3404
301210.SZ,20240314,35.78,35.78,34.16,34.87,35.77,-0.9,-2.5161,8656.42,30261.684,34.87,4.9946,4.9946,0.71,26.5123,35.8268,1.5911,2.3387,2.5902,0.0,,8245.6356,1733.1436,1733.1436,287525.3134,60434.7173
301210.SZ,20240313,35.98,36.3,35.16,35.77,36.42,-0.65,-1.7847,13493.99,47995.609,35.77,7.7858,7.7858,1.2,27.1966,36.7515,1.6322,2.3991,2.6571,0.0,,8245.6356,1733.1436,1733.1436,294946.3854,61994.5466
301210.SZ,20240312,35.9,37.8,35.0,36.42,35.6,0.82,2.3034,16876.83,61023.264,36.42,9.7377,9.7377,1.84,27.6908,37.4193,1.6618,2.4427,2.7054,0.0,,8245.6356,1733.1436,1733.1436,300306.0486,63121.0899
301210.SZ,20240311,33.2,36.1,33.2,35.6,33.2,2.4,7.2289,15711.63,54863.822,35.6,9.0654,9.0654,2.08,27.0673,36.5768,1.6244,2.3877,2.6444,0.0,,8245.6356,1733.1436,1733.1436,293544.6274,61699.9122
301210.SZ,20240308,33.48,33.48,32.66,33.2,33.52,-0.32,-0.9547,5719.81,18879.495,33.2,3.3003,3.3003,0.67,25.2426,34.111,1.5149,2.2267,2.4662,0.0,,8245.6356,1733.1436,1733.1436,273755.1019,57540.3675
301210.SZ,20240307,33.4,34.38,33.11,33.52,33.1,0.42,1.2689,9489.53,31930.063,33.52,5.4753,5.4753,1.06,25.4859,34.4398,1.5295,2.2482,2.4899,0.0,,8245.6356,1733.1436,1733.1436,276393.7053,58094.9735
301210.SZ,20240306,32.34,33.6,31.9,33.1,32.21,0.89,2.7631,8560.59,28117.83,33.1,4.9393,4.9393,0.8,25.1665,34.0082,1.5103,2.22,2.4587,0.0,,8245.6356,1733.1436,1733.1436,272930.5384,57367.0532
301210.SZ,20240305,32.88,32.97,31.89,32.21,33.16,-0.95,-2.8649,6325.98,20460.469,32.21,3.65,3.65,0.53,24.4898,33.0938,1.4697,2.1603,2.3926,0.0,,8245.6356,1733.1436,1733.1436,265591.9227,55824.5554
301210.SZ,20240304,33.25,33.75,32.48,33.16,33.3,-0.14,-0.4204,7673.82,25325.526,33.16,4.4277,4.4277,0.6,25.2121,34.0699,1.5131,2.224,2.4632,0.0,,8245.6356,1733.1436,1733.1436,273425.2765,57471.0418
301210.SZ,20240301,32.95,34.05,32.68,33.3,32.88,0.42,1.2774,10433.89,34786.575,33.3,6.0202,6.0202,0.8,25.3186,34.2137,1.5195,2.2334,2.4736,0.0,,8245.6356,1733.1436,1733.1436,274579.6655,57713.6819
301210.SZ,20240229,30.5,33.6,30.3,32.88,31.0,1.88,6.0645,11655.93,37465.632,32.88,6.7253,6.7253,0.94,24.9993,33.7822,1.5003,2.2053,2.4424,0.0,,8245.6356,1733.1436,1733.1436,271116.4985,56985.7616
301210.SZ,20240228,34.0,34.73,31.0,31.0,34.16,-3.16,-9.2506,17152.7,57085.238,31.0,9.8969,9.8969,1.54,23.5699,31.8506,1.4145,2.0792,2.3027,0.0,,8245.6356,1733.1436,1733.1436,255614.7036,53727.4516
301210.SZ,20240227,32.11,34.17,32.11,34.16,32.39,1.77,5.4646,13022.18,43554.587,34.16,7.5136,7.5136,1.28,25.9725,35.0973,1.5587,2.2911,2.5375,0.0,,8245.6356,1733.1436,1733.1436,281670.9121,59204.1854
301210.SZ,20240226,31.41,33.17,31.28,32.39,31.51,0.88,2.7928,11679.94,37665.989,32.39,6.7392,6.7392,1.21,24.6267,33.2788,1.478,2.1724,2.406,0.0,,8245.6356,1733.1436,1733.1436,267076.1371,56136.5212
301210.SZ,20240223,30.5,31.57,30.32,31.51,30.55,0.96,3.1424,11420.64,35345.413,31.51,6.5896,6.5896,1.22,23.9576,32.3746,1.4378,2.1134,2.3406,0.0,,8245.6356,1733.1436,1733.1436,259819.9778,54611.3548
301210.SZ,20240222,30.0,30.68,29.92,30.55,30.16,0.39,1.2931,8552.36,25933.584,30.55,4.9346,4.9346,0.91,23.2277,31.3883,1.394,2.049,2.2693,0.0,,8245.6356,1733.1436,1733.1436,251904.1676,52947.537
301210.SZ,20240221,29.37,30.8,29.22,30.16,29.74,0.42,1.4122,10863.55,32856.346,30.16,6.2681,6.2681,1.19,22.9312,30.9876,1.3762,2.0228,2.2404,0.0,,8245.6356,1733.1436,1733.1436,248688.3697,52271.611
301210.SZ,20240220,28.9,30.07,28.75,29.74,28.95,0.79,2.7288,8363.89,24803.332,29.74,4.8258,4.8258,0.85,22.6119,30.556,1.357,1.9947,2.2092,0.0,,8245.6356,1733.1436,1733.1436,245225.2027,51543.6907
301210.SZ,20240219,28.82,29.44,28.3,28.95,27.99,0.96,3.4298,8941.89,25922.806,28.95,5.1593,5.1593,0.91,22.0112,29.7444,1.321,1.9417,2.1505,0.0,,8245.6356,1733.1436,1733.1436,238711.1506,50174.5072
301210.SZ,20240208,25.55,28.28,25.13,27.99,25.35,2.64,10.4142,9911.82,26597.243,27.99,5.719,5.719,1.1,21.2813,28.758,1.2772,1.8773,2.0792,0.0,,8245.6356,1733.1436,1733.1436,230795.3404,48510.6894
301210.SZ,20240207,26.7,27.19,25.05,25.35,26.6,-1.25,-4.6992,8860.49,23250.462,25.35,5.1124,5.1124,1.02,19.2741,26.0456,1.1567,1.7002,1.8831,0.0,,8245.6356,1733.1436,1733.1436,209026.8625,43935.1903
301210.SZ,20240206,25.97,27.55,24.24,26.6,26.07,0.53,2.033,9649.22,24876.606,26.6,5.5675,5.5675,1.23,20.2245,27.3299,1.2138,1.7841,1.9759,0.0,,8245.6356,1733.1436,1733.1436,219333.907,46101.6198
301210.SZ,20240205,29.0,29.0,24.77,26.07,29.01,-2.94,-10.1344,11746.23,31090.798,26.07,6.7774,6.7774,1.82,19.8215,26.7853,1.1896,1.7485,1.9365,0.0,,8245.6356,1733.1436,1733.1436,214963.7201,45183.0537
301210.SZ,20240202,31.2,31.27,28.09,29.01,30.85,-1.84,-5.9643,8826.61,26253.237,29.01,5.0928,5.0928,1.57,22.0568,29.806,1.3237,1.9457,2.1549,0.0,,8245.6356,1733.1436,1733.1436,239205.8888,50278.4958
301210.SZ,20240201,31.42,31.55,30.17,30.85,31.45,-0.6,-1.9078,5939.6,18376.251,30.85,3.4271,3.4271,1.04,23.4558,31.6965,1.4077,2.0691,2.2916,0.0,,8245.6356,1733.1436,1733.1436,254377.8583,53467.4801
301210.SZ,20240131,33.5,34.08,31.45,31.45,33.45,-2.0,-5.9791,7066.31,22994.791,31.45,4.0772,4.0772,1.29,23.912,32.313,1.4351,2.1093,2.3362,0.0,,8245.6356,1733.1436,1733.1436,259325.2396,54507.3662
301210.SZ,20240130,34.41,35.02,33.4,33.45,35.14,-1.69,-4.8093,5750.6,19659.273,33.45,3.318,3.318,1.04,25.4326,34.3679,1.5263,2.2435,2.4847,0.0,,8245.6356,1733.1436,1733.1436,275816.5108,57973.6534
301210.SZ,20240129,36.48,37.3,35.03,35.14,36.1,-0.96,-2.6593,4661.73,16711.351,35.14,2.6898,2.6898,0.77,26.7176,36.1042,1.6034,2.3568,2.6103,0.0,,8245.6356,1733.1436,1733.1436,289751.635,60902.6661
301210.SZ,20240126,36.15,36.97,36.01,36.1,36.46,-0.36,-0.9874,4707.14,17155.737,36.1,2.716,2.716,0.76,27.4475,37.0906,1.6472,2.4212,2.6816,0.0,,8245.6356,1733.1436,1733.1436,297667.4452,62566.484
301210.SZ,20240125,35.39,36.54,35.13,36.46,35.47,0.99,2.7911,6257.65,22530.841,36.46,3.6106,3.6106,0.94,27.7212,37.4604,1.6637,2.4454,2.7083,0.0,,8245.6356,1733.1436,1733.1436,300635.874,63190.4157
301210.SZ,20240124,35.43,36.06,33.9,35.47,35.45,0.02,0.0564,5924.02,20919.152,35.47,3.4181,3.4181,0.84,26.9685,36.4433,1.6185,2.379,2.6348,0.0,,8245.6356,1733.1436,1733.1436,292472.6947,61474.6035
301210.SZ,20240123,35.38,35.85,34.83,35.45,35.57,-0.12,-0.3374,6140.28,21714.392,35.45,3.5429,3.5429,0.9,26.9533,36.4227,1.6176,2.3776,2.6333,0.0,,8245.6356,1733.1436,1733.1436,292307.782,61439.9406
301210.SZ,20240122,38.25,38.47,35.3,35.57,38.29,-2.72,-7.1037,7061.07,25974.332,35.57,4.0741,4.0741,1.13,27.0445,36.546,1.6231,2.3857,2.6422,0.0,,8245.6356,1733.1436,1733.1436,293297.2583,61647.9179
301210.SZ,20240119,39.5,39.81,38.29,38.29,39.36,-1.07,-2.7185,5395.42,20948.836,38.29,3.1131,3.1131,0.86,29.1126,39.3407,1.7472,2.5681,2.8443,0.0,,8245.6356,1733.1436,1733.1436,315725.3871,66362.0684
301210.SZ,20240118,40.02,40.29,38.13,39.36,40.16,-0.8,-1.992,8895.12,34705.92,39.36,5.1324,5.1324,1.54,29.9261,40.44,1.796,2.6399,2.9237,0.0,,8245.6356,1733.1436,1733.1436,324548.2172,68216.5321
301210.SZ,20240117,41.79,41.92,40.12,40.16,41.99,-1.83,-4.3582,7604.01,31093.527,40.16,4.3874,4.3874,1.36,30.5344,41.262,1.8325,2.6935,2.9832,0.0,,8245.6356,1733.1436,1733.1436,331144.7257,69603.047
301210.SZ,20240116,41.9,42.55,41.41,41.99,41.95,0.04,0.0954,5333.04,22289.888,41.99,3.0771,3.0771,0.87,31.9258,43.1422,1.916,2.8163,3.1191,0.0,,8245.6356,1733.1436,1733.1436,346234.2388,72774.6998
301210.SZ,20240115,42.3,42.3,41.49,41.95,42.35,-0.4,-0.9445,3998.23,16741.071,41.95,2.3069,2.3069,0.51,31.8953,43.1011,1.9142,2.8136,3.1161,0.0,,8245.6356,1733.1436,1733.1436,345904.4134,72705.374
301210.SZ,20240112,42.5,42.95,42.29,42.35,42.69,-0.34,-0.7964,5634.14,23999.683,42.35,3.2508,3.2508,0.61,32.1995,43.5121,1.9324,2.8404,3.1459,0.0,,8245.6356,1733.1436,1733.1436,349202.6677,73398.6315
301210.SZ,20240111,41.7,42.95,41.54,42.69,41.74,0.95,2.276,6247.54,26494.592,42.69,3.6047,3.6047,0.67,32.458,43.8614,1.9479,2.8632,3.1711,0.0,,8245.6356,1733.1436,1733.1436,352006.1838,73987.9003
301210.SZ,20240110,42.25,42.65,41.35,41.74,42.25,-0.51,-1.2071,6722.34,28212.217,41.74,3.8787,3.8787,0.68,31.7357,42.8853,1.9046,2.7995,3.1005,0.0,,8245.6356,1733.1436,1733.1436,344172.8299,72341.4139
301210.SZ,20240109,41.95,43.05,41.63,42.25,42.0,0.25,0.5952,8183.24,34846.942,42.25,4.7216,4.7216,0.76,32.1234,43.4093,1.9279,2.8337,3.1384,0.0,,8245.6356,1733.1436,1733.1436,348378.1041,73225.3171
301210.SZ,20240108,43.8,44.31,42.0,42.0,44.02,-2.02,-4.5888,12353.64,52667.178,42.0,7.1279,7.1279,1.1,31.9334,43.1525,1.9165,2.8169,3.1199,0.0,,8245.6356,1733.1436,1733.1436,346316.6952,72792.0312
301210.SZ,20240105,44.4,45.47,43.67,44.02,44.45,-0.43,-0.9674,12956.73,57827.816,44.02,7.4759,7.4759,1.05,33.4692,45.2279,2.0086,2.9524,3.2699,0.0,,8245.6356,1733.1436,1733.1436,362972.8791,76292.9813
301210.SZ,20240104,44.24,44.6,44.01,44.45,44.32,0.13,0.2933,6142.66,27258.396,44.45,3.5442,3.5442,0.47,33.7961,45.6697,2.0282,2.9813,3.3018,0.0,,8245.6356,1733.1436,1733.1436,366518.5024,77038.233
301210.SZ,20240103,44.58,45.1,43.87,44.32,44.74,-0.42,-0.9388,9932.26,44057.466,44.32,5.7308,5.7308,0.71,33.6973,45.5361,2.0223,2.9725,3.2922,0.0,,8245.6356,1733.1436,1733.1436,365446.5698,76812.9244
301210.SZ,20240102,45.11,45.3,44.52,44.74,45.48,-0.74,-1.6271,12755.66,57252.727,44.74,7.3598,7.3598,0.9,34.0166,45.9676,2.0415,3.0007,3.3234,0.0,,8245.6356,1733.1436,1733.1436,368909.7367,77540.8447
301210.SZ,20231229,46.08,46.3,45.36,45.48,46.2,-0.72,-1.5584,14362.4,65711.145,45.48,8.7383,8.7383,0.97,34.5793,46.7279,2.0752,3.0503,3.3784,,,8245.6356,1643.6172,1643.6172,375011.5071,74751.7103
301210.SZ,20231228,44.0,46.66,43.72,46.2,44.1,2.1,4.7619,18781.22,85753.038,46.2,11.4268,11.4268,1.2,35.1267,47.4677,2.1081,3.0986,3.4318,,,8245.6356,1643.6172,1643.6172,380948.3647,75935.1146
301210.SZ,20231227,44.29,44.97,43.46,44.1,44.61,-0.51,-1.1432,10147.21,44552.511,44.1,6.1737,6.1737,0.6,33.53,45.3101,2.0123,2.9578,3.2758,,,8245.6356,1643.6172,1643.6172,363632.53,72483.5185
301210.SZ,20231226,46.18,46.3,44.5,44.61,46.7,-2.09,-4.4754,13759.18,61885.292,44.61,8.3713,8.3713,0.8,33.9178,45.8341,2.0355,2.992,3.3137,,,8245.6356,1643.6172,1643.6172,367837.8041,73321.7633
301210.SZ,20231225,48.4,48.4,46.06,46.7,47.71,-1.01,-2.117,14164.15,66231.978,46.7,8.6177,8.6177,0.9,35.5069,47.9814,2.1309,3.1322,3.469,,,8245.6356,1643.6172,1643.6172,385071.1825,76756.9232
301210.SZ,20231222,47.79,48.7,46.98,47.71,48.09,-0.38,-0.7902,16992.38,80857.135,47.71,10.3384,10.3384,1.31,36.2748,49.0191,2.177,3.1999,3.544,,,8245.6356,1643.6172,1643.6172,393399.2745,78416.9766
301210.SZ,20231221,46.62,48.33,46.55,48.09,47.12,0.97,2.0586,22960.81,109857.1,48.09,13.9697,13.9697,2.45,36.5637,49.4096,2.1943,3.2254,3.5722,,,8245.6356,1643.6172,1643.6172,396532.616,79041.5511
301210.SZ,20231220,46.85,48.0,46.33,47.12,46.9,0.22,0.4691,16138.25,76541.237,47.12,9.8187,9.8187,2.21,35.8262,48.4129,2.1501,3.1603,3.5002,,,8245.6356,1643.6172,1643.6172,388534.3495,77447.2425
301210.SZ,20231219,45.48,47.07,45.31,46.9,45.55,1.35,2.9638,15870.07,73880.541,46.9,9.6556,9.6556,3.08,35.6589,48.1869,2.14,3.1456,3.4838,,,8245.6356,1643.6172,1643.6172,386720.3096,77085.6467
301210.SZ,20231218,44.9,45.89,44.5,45.55,45.12,0.43,0.953,6688.01,30324.073,45.55,4.0691,4.0691,1.35,34.6325,46.7999,2.0784,3.055,3.3836,,,8245.6356,1643.6172,1643.6172,375588.7016,74866.7635
301210.SZ,20231215,44.91,45.4,44.91,45.12,44.89,0.23,0.5124,3418.48,15414.763,45.12,2.0799,2.0799,0.57,34.3055,46.3581,2.0588,3.0262,3.3516,,,8245.6356,1643.6172,1643.6172,372043.0783,74160.0081
301210.SZ,20231214,45.47,45.9,44.89,44.89,45.47,-0.58,-1.2756,4733.17,21450.486,44.89,2.8797,2.8797,0.76,34.1307,46.1218,2.0483,3.0108,3.3345,,,8245.6356,1643.6172,1643.6172,370146.5821,73781.9761
301210.SZ,20231213,45.33,45.8,44.91,45.47,45.47,0.0,0.0,5852.03,26556.005,45.47,3.5605,3.5605,0.82,34.5717,46.7177,2.0748,3.0497,3.3776,,,8245.6356,1643.6172,1643.6172,374929.0507,74735.2741
301210.SZ,20231212,45.19,45.63,44.95,45.47,45.2,0.27,0.5973,5103.16,23179.701,45.47,3.1048,3.1048,0.64,34.5717,46.7177,2.0748,3.0497,3.3776,,,8245.6356,1643.6172,1643.6172,374929.0507,74735.2741
301210.SZ,20231211,44.85,45.27,44.02,45.2,44.69,0.51,1.1412,5572.4,25002.364,45.2,3.3903,3.3903,0.65,34.3664,46.4403,2.0625,3.0316,3.3576,,,8245.6356,1643.6172,1643.6172,372702.7291,74291.4974
301210.SZ,20231208,45.4,45.82,44.56,44.69,45.4,-0.71,-1.5639,8644.76,38818.266,44.69,5.2596,5.2596,1.01,33.9786,45.9163,2.0392,2.9974,3.3197,,,8245.6356,1643.6172,1643.6172,368497.455,73453.2527
301210.SZ,20231207,45.51,45.65,45.08,45.4,45.51,-0.11,-0.2417,6101.66,27651.41,45.4,3.7123,3.7123,0.65,34.5184,46.6458,2.0716,3.045,3.3724,,,8245.6356,1643.6172,1643.6172,374351.8562,74620.2209
301210.SZ,20231206,44.8,46.36,44.7,45.51,44.8,0.71,1.5848,10365.15,47430.658,45.51,6.3063,6.3063,1.16,34.6021,46.7588,2.0766,3.0523,3.3806,,,8245.6356,1643.6172,1643.6172,375258.8762,74801.0188
301210.SZ,20231205,45.93,45.98,44.8,44.8,46.25,-1.45,-3.1351,9040.44,40949.794,44.8,5.5003,5.5003,0.97,34.0622,46.0293,2.0442,3.0047,3.3278,,,8245.6356,1643.6172,1643.6172,369404.4749,73634.0506
301210.SZ,20231204,45.8,46.99,45.31,46.25,45.65,0.6,1.3143,8904.52,40862.407,46.25,5.4176,5.4176,0.99,35.1647,47.5191,2.1104,3.102,3.4356,,,8245.6356,1643.6172,1643.6172,381360.6465,76017.2955
301210.SZ,20231201,45.7,45.92,44.99,45.65,45.74,-0.09,-0.1968,8280.8,37520.266,45.65,5.0382,5.0382,0.8,34.7085,46.9026,2.083,3.0617,3.391,,,8245.6356,1643.6172,1643.6172,376413.2651,75031.1252
301210.SZ,20231130,46.77,47.2,45.3,45.74,46.86,-1.12,-2.3901,10467.36,47994.407,45.74,6.3685,6.3685,0.96,34.7769,46.9951,2.0871,3.0678,3.3977,,,8245.6356,1643.6172,1643.6172,377155.3723,75179.0507
301210.SZ,20231129,47.5,47.5,46.83,46.86,47.27,-0.41,-0.8674,7890.0,37095.974,46.86,4.8004,4.8004,0.65,35.6285,48.1458,2.1382,3.1429,3.4809,,,8245.6356,1643.6172,1643.6172,386390.4842,77019.902
301210.SZ,20231128,46.3,47.35,46.21,47.27,46.37,0.9,1.9409,10911.54,51317.733,47.27,6.6387,6.6387,0.73,35.9402,48.5671,2.1569,3.1704,3.5113,,,8245.6356,1643.6172,1643.6172,389771.1948,77693.785
301210.SZ,20231127,45.99,46.76,45.8,46.37,46.2,0.17,0.368,7364.37,34156.285,46.37,4.4806,4.4806,0.43,35.2559,47.6424,2.1159,3.11,3.4445,,,8245.6356,1643.6172,1643.6172,382350.1228,76214.5296
301210.SZ,20231124,47.58,47.58,45.9,46.2,47.7,-1.5,-3.1447,15295.97,71095.731,46.2,9.3063,9.3063,0.77,35.1267,47.4677,2.1081,3.0986,3.4318,,,8245.6356,1643.6172,1643.6172,380948.3647,75935.1146
301210.SZ,20231123,46.8,47.99,46.78,47.7,47.0,0.7,1.4894,12965.22,61538.386,47.7,7.8882,7.8882,0.47,36.2672,49.0089,2.1765,3.1992,3.5433,,,8245.6356,1643.6172,1643.6172,393316.8181,78400.5404
301210.SZ,20231122,47.77,48.13,46.8,47.0,47.82,-0.82,-1.7148,14343.88,67716.552,47.0,8.727,8.727,0.46,35.7349,48.2897,2.1446,3.1523,3.4913,,,8245.6356,1643.6172,1643.6172,387544.8732,77250.0084
301210.SZ,20231121,49.3,49.6,47.69,47.82,49.32,-1.5,-3.0414,24566.87,118693.879,47.82,14.9468,14.9468,0.73,36.3584,49.1322,2.182,3.2073,3.5522,,,8245.6356,1643.6172,1643.6172,394306.2944,78597.7745
301210.SZ,20231120,49.44,49.89,48.6,49.32,49.44,-0.12,-0.2427,19314.15,94976.203,49.32,11.751,11.751,0.57,37.4989,50.6733,2.2505,3.3079,3.6636,,,8245.6356,1643.6172,1643.6172,406674.7478,81063.2003
301210.SZ,20231117,49.0,50.79,49.0,49.44,49.5,-0.06,-0.1212,28095.74,139832.621,49.44,17.0938,17.0938,0.87,37.5901,50.7966,2.2559,3.3159,3.6725,,,8245.6356,1643.6172,1643.6172,407664.2241,81260.4344
301210.SZ,20231116,53.51,55.18,49.5,49.5,51.9,-2.4,-4.6243,50513.22,262851.341,49.5,30.733,30.733,1.64,37.6357,50.8583,2.2587,3.32,3.677,,,8245.6356,1643.6172,1643.6172,408158.9622,81359.0514
301210.SZ,20231115,50.5,52.19,50.1,51.9,50.59,1.31,2.5894,34789.47,178939.692,51.9,21.1664,21.1664,1.07,39.4605,53.3241,2.3682,3.4809,3.8552,,,8245.6356,1643.6172,1643.6172,427948.4876,85303.7327
301210.SZ,20231114,48.94,51.7,48.8,50.59,49.35,1.24,2.5127,34777.94,175389.447,50.59,21.1594,21.1594,1.16,38.4645,51.9782,2.3084,3.3931,3.7579,,,8245.6356,1643.6172,1643.6172,417146.705,83150.5941
301210.SZ,20231113,48.6,49.64,48.32,49.35,48.99,0.36,0.7348,20905.97,102446.522,49.35,12.7195,12.7195,0.62,37.5217,50.7041,2.2518,3.3099,3.6658,,,8245.6356,1643.6172,1643.6172,406922.1169,81112.5088
301210.SZ,20231110,48.85,49.83,48.53,48.99,49.58,-0.59,-1.19,21166.0,103686.916,48.99,12.8777,12.8777,0.65,37.248,50.3343,2.2354,3.2858,3.6391,,,8245.6356,1643.6172,1643.6172,403953.688,80520.8066
301210.SZ,20231109,50.4,51.7,48.89,49.58,50.58,-1.0,-1.9771,42170.14,211060.449,49.58,25.6569,25.6569,1.61,37.6966,50.9404,2.2623,3.3253,3.6829,,,8245.6356,1643.6172,1643.6172,408818.613,81490.5408
301210.SZ,20231108,49.23,51.18,48.08,50.58,48.56,2.02,4.1598,43252.33,215497.144,50.58,26.3153,26.3153,2.1,38.4569,51.9679,2.308,3.3924,3.7572,,,8245.6356,1643.6172,1643.6172,417064.2486,83134.158
301210.SZ,20231107,49.4,49.88,48.35,48.56,49.3,-0.74,-1.501,22991.37,111982.522,48.56,13.9883,13.9883,1.15,36.921,49.8925,2.2158,3.2569,3.6071,,,8245.6356,1643.6172,1643.6172,400408.0647,79814.0512
301210.SZ,20231106,46.49,49.96,46.05,49.3,46.24,3.06,6.6176,38262.8,185707.972,49.3,23.2796,23.2796,2.21,37.4837,50.6528,2.2496,3.3065,3.6621,,,8245.6356,1643.6172,1643.6172,406509.8351,81030.328
301210.SZ,20231103,45.41,47.28,45.37,46.24,45.04,1.2,2.6643,15107.29,70198.207,46.24,9.1915,9.1915,0.76,35.1571,47.5088,2.1099,3.1013,3.4348,,,8245.6356,1643.6172,1643.6172,381278.1901,76000.8593
301210.SZ,20231102,45.42,46.09,44.81,45.04,45.43,-0.39,-0.8585,11730.0,53441.7,45.04,7.1367,7.1367,0.49,34.2447,46.2759,2.0552,3.0208,3.3457,,,8245.6356,1643.6172,1643.6172,371383.4274,74028.5187
301210.SZ,20231101,46.46,46.9,45.2,45.43,46.38,-0.95,-2.0483,14722.2,67312.436,45.43,8.9572,8.9572,0.59,34.5412,46.6766,2.073,3.047,3.3746,,,8245.6356,1643.6172,1643.6172,374599.2253,74669.5294
301210.SZ,20231031,48.06,48.26,46.2,46.38,48.46,-2.08,-4.2922,20293.05,95687.604,46.38,12.3466,12.3466,0.82,35.2636,47.6526,2.1163,3.1107,3.4452,,,8245.6356,1643.6172,1643.6172,382432.5791,76230.9657
301210.SZ,20231030,47.39,49.09,46.83,48.46,48.02,0.44,0.9163,24724.99,118851.705,48.46,15.043,15.043,1.0,36.845,49.7897,2.2112,3.2502,3.5997,,,8245.6356,1643.6172,1643.6172,399583.5012,79649.6895
301210.SZ,20231027,47.21,49.2,47.16,48.02,48.9,-0.88,-1.7996,27362.94,132010.946,48.02,16.648,16.648,1.14,36.5105,49.3376,2.1911,3.2207,3.567,,,8245.6356,1643.6172,1643.6172,395955.4215,78926.4979
301210.SZ,20231026,46.74,49.6,45.33,48.9,47.1,1.8,3.8217,33137.19,158396.278,48.9,20.1611,20.1611,1.41,37.1796,45.625,2.2495,3.2797,3.6807,,,8245.6356,1643.6172,1643.6172,403211.5808,80372.8811
301210.SZ,20231025,45.88,47.47,45.85,47.1,46.08,1.02,2.2135,19777.11,92500.276,47.1,12.0327,12.0327,0.68,35.811,43.9455,2.1667,3.159,3.5452,,,8245.6356,1643.6172,1643.6172,388369.4368,77414.3701
301210.SZ,20231024,44.0,46.47,43.86,46.08,44.5,1.58,3.5506,19428.39,88634.361,46.08,11.8205,11.8205,0.64,35.0355,42.9939,2.1198,3.0906,3.4684,,,8245.6356,1643.6172,1643.6172,379958.8884,75737.8806
301210.SZ,20231023,47.18,47.94,43.6,44.5,47.99,-3.49,-7.2723,23852.51,109106.042,44.5,14.5122,14.5122,0.77,33.8342,41.5197,2.0471,2.9846,3.3495,,,8245.6356,1643.6172,1643.6172,366930.7842,73140.9654
301210.SZ,20231020,47.0,48.8,45.92,47.99,47.6,0.39,0.8193,23747.71,113629.247,47.99,14.4484,14.4484,0.67,36.4877,44.7759,2.2077,3.2187,3.6122,,,8245.6356,1643.6172,1643.6172,395708.0524,78877.1894
301210.SZ,20231019,49.0,49.18,47.56,47.6,49.96,-2.36,-4.7238,30451.09,147447.813,47.6,18.5269,18.5269,0.78,36.1911,44.4121,2.1897,3.1925,3.5829,,,8245.6356,1643.6172,1643.6172,392492.2546,78236.1787
301210.SZ,20231018,46.66,49.96,45.69,49.96,47.68,2.28,4.7819,47395.83,229062.928,49.96,28.8363,28.8363,1.37,37.9855,46.614,2.2983,3.3508,3.7605,,,8245.6356,1643.6172,1643.6172,411951.9546,82115.1153
301210.SZ,20231017,47.0,49.28,46.76,47.68,47.75,-0.07,-0.1466,25857.83,124557.474,47.68,15.7323,15.7323,0.7,36.252,44.4867,2.1934,3.1979,3.5889,,,8245.6356,1643.6172,1643.6172,393151.9054,78367.6681
301210.SZ,20231016,48.68,48.7,47.39,47.75,49.45,-1.7,-3.4378,26993.45,129410.4,47.75,16.4232,16.4232,0.73,36.3052,44.552,2.1966,3.2026,3.5941,,,8245.6356,1643.6172,1643.6172,393729.0999,78482.7213
301210.SZ,20231013,47.91,50.79,47.48,49.45,48.56,0.89,1.8328,46186.91,226691.994,49.45,28.1008,28.1008,1.58,37.5977,46.1382,2.2748,3.3166,3.7221,,,8245.6356,1643.6172,1643.6172,407746.6804,81276.8705
301210.SZ,20231012,46.75,50.88,46.38,48.56,46.77,1.79,3.8272,48386.03,236219.447,48.56,29.4387,29.4387,2.3,36.921,45.3078,2.2339,3.2569,3.6551,,,8245.6356,1643.6172,1643.6172,400408.0647,79814.0512
301210.SZ,20231011,46.4,47.8,45.88,46.77,47.25,-0.48,-1.0159,25530.09,119006.404,46.77,15.5329,15.5329,1.52,35.5601,43.6376,2.1516,3.1369,3.5204,,,8245.6356,1643.6172,1643.6172,385648.377,76871.9764
301210.SZ,20231010,46.79,48.6,46.28,47.25,48.5,-1.25,-2.5773,38350.26,182154.915,47.25,23.3328,23.3328,3.8,35.925,44.0855,2.1736,3.1691,3.5565,,,8245.6356,1643.6172,1643.6172,389606.2821,77660.9127
301210.SZ,20231009,44.24,48.5,43.78,48.5,44.27,4.23,9.555,27203.82,124958.2,48.5,16.5512,16.5512,4.19,36.8754,45.2518,2.2311,3.2529,3.6506,,,8245.6356,1643.6172,1643.6172,399913.3266,79715.4342
301210.SZ,20230928,44.35,44.65,43.9,44.27,44.0,0.27,0.6136,6825.67,30243.19,44.27,4.1528,4.1528,1.14,33.6593,41.3051,2.0365,2.9692,3.3322,,,8245.6356,1643.6172,1643.6172,365034.288,72762.9334
301210.SZ,20230927,43.88,44.84,43.63,44.0,43.98,0.02,0.0455,7172.79,31729.19,44.0,4.364,4.364,1.27,33.454,41.0532,2.0241,2.9511,3.3119,,,8245.6356,1643.6172,1643.6172,362807.9664,72319.1568
301210.SZ,20230926,44.08,44.25,43.61,43.98,43.97,0.01,0.0227,4677.08,20548.786,43.98,2.8456,2.8456,0.78,33.4388,41.0345,2.0232,2.9497,3.3104,,,8245.6356,1643.6172,1643.6172,362643.0537,72286.2845
301210.SZ,20230925,44.09,44.38,43.86,43.97,44.33,-0.36,-0.8121,4585.0,20175.449,43.97,2.7896,2.7896,0.68,33.4312,41.0252,2.0227,2.9491,3.3096,,,8245.6356,1643.6172,1643.6172,362560.5973,72269.8483
301210.SZ,20230922,43.31,44.38,43.07,44.33,43.31,1.02,2.3551,9174.86,40370.187,44.33,5.5821,5.5821,1.56,33.7049,41.3611,2.0393,2.9732,3.3367,,,8245.6356,1643.6172,1643.6172,365529.0261,72861.5505
301210.SZ,20230921,43.5,43.88,43.22,43.31,43.67,-0.36,-0.8244,4450.06,19337.276,43.31,2.7075,2.7075,0.68,32.9294,40.4094,1.9924,2.9048,3.2599,,,8245.6356,1643.6172,1643.6172,357118.4778,71185.0609
301210.SZ,20230920,44.05,44.41,43.62,43.67,44.03,-0.36,-0.8176,5364.0,23578.339,43.67,3.2635,3.2635,0.75,33.2031,40.7453,2.0089,2.9289,3.287,,,8245.6356,1643.6172,1643.6172,360086.9067,71776.7631
301210.SZ,20230919,44.53,44.87,43.87,44.03,44.88,-0.85,-1.8939,6308.2,27901.759,44.03,3.838,3.838,0.79,33.4768,41.0812,2.0255,2.9531,3.3141,,,8245.6356,1643.6172,1643.6172,363055.3355,72368.4653
301210.SZ,20230918,43.9,45.5,43.46,44.88,43.9,0.98,2.2323,8423.65,37724.741,44.88,5.1251,5.1251,1.04,34.1231,41.8742,2.0646,3.0101,3.3781,,,8245.6356,1643.6172,1643.6172,370064.1257,73765.5399
301210.SZ,20230915,44.09,44.37,43.61,43.9,44.04,-0.14,-0.3179,4848.0,21315.789,43.9,2.9496,2.9496,0.56,33.378,40.9599,2.0195,2.9444,3.3044,,,8245.6356,1643.6172,1643.6172,361983.4028,72154.7951
301210.SZ,20230914,44.81,45.28,43.76,44.04,45.05,-1.01,-2.242,7983.84,35264.54,44.04,4.8575,4.8575,0.84,33.4844,41.0905,2.026,2.9538,3.3149,,,8245.6356,1643.6172,1643.6172,363137.7918,72384.9015
301210.SZ,20230913,45.5,45.85,44.57,45.05,45.85,-0.8,-1.7448,8042.1,36201.457,45.05,4.8929,4.8929,0.82,34.2523,42.0328,2.0724,3.0215,3.3909,,,8245.6356,1643.6172,1643.6172,371465.8838,74044.9549
301210.SZ,20230912,45.31,46.42,44.99,45.85,45.4,0.45,0.9912,10742.83,49183.35,45.85,6.5361,6.5361,1.03,34.8606,42.7793,2.1092,3.0752,3.4511,,,8245.6356,1643.6172,1643.6172,378062.3923,75359.8486
301210.SZ,20230911,44.88,45.74,44.21,45.4,45.07,0.33,0.7322,8864.46,40024.003,45.4,5.3933,5.3933,0.73,34.5184,42.3594,2.0885,3.045,3.4173,,,8245.6356,1643.6172,1643.6172,374351.8562,74620.2209
301210.SZ,20230908,44.9,45.45,44.62,45.07,45.01,0.06,0.1333,7642.14,34422.935,45.07,4.6496,4.6496,0.55,34.2675,42.0515,2.0733,3.0228,3.3924,,,8245.6356,1643.6172,1643.6172,371630.7965,74077.8272
301210.SZ,20230907,46.3,46.59,44.88,45.01,46.13,-1.12,-2.4279,12148.0,55427.675,45.01,7.391,7.391,0.83,34.2219,41.9955,2.0706,3.0188,3.3879,,,8245.6356,1643.6172,1643.6172,371136.0584,73979.2102
301210.SZ,20230906,45.56,46.39,45.56,46.13,45.89,0.24,0.523,9553.52,43975.493,46.13,5.8125,5.8125,0.53,35.0735,43.0405,2.1221,3.0939,3.4722,,,8245.6356,1643.6172,1643.6172,380371.1702,75820.0614
301210.SZ,20230905,46.5,46.5,45.5,45.89,46.68,-0.79,-1.6924,14114.19,64761.913,45.89,8.5873,8.5873,0.63,34.891,42.8166,2.1111,3.0778,3.4541,,,8245.6356,1643.6172,1643.6172,378392.2177,75425.5933
301210.SZ,20230904,47.21,47.49,46.03,46.68,47.08,-0.4,-0.8496,16984.48,78863.79,46.68,10.3336,10.3336,0.71,35.4916,43.5537,2.1474,3.1308,3.5136,,,8245.6356,1643.6172,1643.6172,384906.2698,76724.0509
301210.SZ,20230901,46.67,47.83,45.81,47.08,46.98,0.1,0.2129,16302.76,76338.178,47.08,9.9188,9.9188,0.58,35.7958,43.9269,2.1658,3.1576,3.5437,,,8245.6356,1643.6172,1643.6172,388204.524,77381.4978
301210.SZ,20230831,46.6,47.3,46.26,46.98,47.17,-0.19,-0.4028,15880.9,74340.781,46.98,9.6622,9.6622,0.48,35.7197,43.8336,2.1612,3.1509,3.5362,,,8245.6356,1643.6172,1643.6172,387379.9605,77217.1361
301210.SZ,20230830,45.95,48.13,45.95,47.17,46.46,0.71,1.5282,27065.3,127799.822,47.17,16.4669,16.4669,0.7,35.8642,44.0109,2.17,3.1637,3.5505,,,8245.6356,1643.6172,1643.6172,388946.6313,77529.4233
301210.SZ,20230829,43.45,46.86,43.11,46.46,43.76,2.7,6.17,36003.17,164240.003,46.46,21.9048,21.9048,0.83,35.3244,43.3484,2.1373,3.1161,3.497,,,8245.6356,1643.6172,1643.6172,383092.23,76362.4551
301210.SZ,20230828,47.01,47.22,43.76,43.76,44.14,-0.38,-0.8609,24851.54,112387.586,43.76,15.12,15.12,0.45,33.2715,36.9862,2.0395,2.935,3.159,,,8245.6356,1643.6172,1643.6172,360829.0139,71924.6887
301210.SZ,20230825,46.5,47.8,44.06,44.14,48.18,-4.04,-8.3852,35757.84,162516.922,44.14,21.7556,21.7556,0.56,33.5604,37.3073,2.0572,2.9605,3.1864,,,8245.6356,1643.6172,1643.6172,363962.3554,72549.2632
301210.SZ,20230824,50.0,50.38,48.07,48.18,50.6,-2.42,-4.7826,42479.69,208608.394,48.18,25.8452,25.8452,0.66,36.6321,40.722,2.2455,3.2314,3.4781,,,8245.6356,1643.6172,1643.6172,397274.7232,79189.4767
301210.SZ,20230823,47.72,50.9,47.31,50.6,48.72,1.88,3.8588,54966.61,268883.879,50.6,33.4425,33.4425,0.92,38.4721,42.7674,2.3583,3.3937,3.6528,,,8245.6356,1643.6172,1643.6172,417229.1614,83167.0303
301210.SZ,20230822,50.0,50.79,47.72,48.72,50.99,-2.27,-4.4519,57561.66,282360.094,48.72,35.0213,35.0213,1.03,37.0427,41.1784,2.2707,3.2676,3.5171,,,8245.6356,1643.6172,1643.6172,401727.3664,80077.03
301210.SZ,20230821,56.45,56.45,50.22,50.99,58.8,-7.81,-13.2823,86904.3,456513.193,50.99,52.8738,52.8738,1.88,38.7686,43.097,2.3765,3.4199,3.6809,,,8245.6356,1643.6172,1643.6172,420444.9592,83808.041
301210.SZ,20230818,47.88,58.8,47.66,58.8,49.0,9.8,20.0,77297.99,435449.591,58.8,47.0292,47.0292,1.85,44.7067,49.698,2.7405,3.9437,4.2447,,,8245.6356,1643.6172,1643.6172,484843.3733,96644.6914
301210.SZ,20230817,47.4,50.2,45.7,49.0,47.06,1.94,4.1224,44826.9,214056.53,49.0,27.2733,27.2733,1.1,37.2556,41.415,2.2837,3.2864,3.5373,,,8245.6356,1643.6172,1643.6172,404036.1444,80537.2428
301210.SZ,20230816,45.33,47.5,45.33,47.06,46.0,1.06,2.3043,33039.86,154652.597,47.06,20.1019,20.1019,0.84,35.7806,39.7753,2.1933,3.1563,3.3972,,,8245.6356,1643.6172,1643.6172,388039.6113,77348.6254
301210.SZ,20230815,46.33,46.6,45.15,46.0,48.47,-2.47,-5.0959,38655.17,177521.814,46.0,23.5184,23.5184,1.16,34.9746,38.8794,2.1439,3.0852,3.3207,,,8245.6356,1643.6172,1643.6172,379299.2376,75606.3912
301210.SZ,20230814,48.9,48.9,46.7,48.47,50.02,-1.55,-3.0988,36862.49,176017.635,48.47,22.4277,22.4277,1.38,36.8526,40.9671,2.259,3.2509,3.499,,,8245.6356,1643.6172,1643.6172,399665.9575,79666.1257
301210.SZ,20230811,49.0,51.66,47.53,50.02,47.78,2.24,4.6882,55013.91,272225.168,50.02,33.4712,33.4712,3.25,38.0311,42.2771,2.3313,3.3548,3.6109,,,8245.6356,1643.6172,1643.6172,412446.6927,82213.7323
301210.SZ,20230810,46.2,49.45,46.2,47.78,46.7,1.08,2.3126,40302.44,192761.623,47.78,24.5206,24.5206,3.91,36.328,40.3839,2.2269,3.2046,3.4492,,,8245.6356,1643.6172,1643.6172,393976.469,78532.0298
301210.SZ,20230809,44.74,47.0,44.49,46.7,44.76,1.94,4.3342,26301.86,120637.626,46.7,16.0024,16.0024,4.45,35.5069,39.4711,2.1765,3.1322,3.3712,,,8245.6356,1643.6172,1643.6172,385071.1825,76756.9232
301210.SZ,20230808,44.33,44.78,44.23,44.76,44.22,0.54,1.2212,7997.86,35640.911,44.76,4.866,4.866,1.43,34.0318,37.8314,2.0861,3.002,3.2312,,,8245.6356,1643.6172,1643.6172,369074.6495,73568.3059
301210.SZ,20230807,44.42,44.63,44.14,44.22,44.32,-0.1,-0.2256,3941.88,17440.641,44.22,2.3983,2.3983,0.6,33.6213,37.375,2.0609,2.9658,3.1922,,,8245.6356,1643.6172,1643.6172,364622.0062,72680.7526
301210.SZ,20230804,44.8,44.8,44.28,44.32,44.52,-0.2,-0.4492,6094.91,27065.047,44.32,3.7082,3.7082,0.86,33.6973,37.4595,2.0656,2.9725,3.1994,,,8245.6356,1643.6172,1643.6172,365446.5698,72845.1143
301210.SZ,20230803,44.28,44.86,44.14,44.52,44.44,0.08,0.18,7201.04,32111.619,44.52,4.3812,4.3812,1.01,33.8494,37.6285,2.0749,2.986,3.2139,,,8245.6356,1643.6172,1643.6172,367095.6969,73173.8377
301210.SZ,20230802,44.35,44.54,44.25,44.44,44.28,0.16,0.3613,4330.63,19220.848,44.44,2.6348,2.6348,0.53,33.7885,37.5609,2.0712,2.9806,3.2081,,,8245.6356,1643.6172,1643.6172,366436.0461,73042.3484
301210.SZ,20230801,44.67,44.67,44.08,44.28,44.62,-0.34,-0.762,6330.12,28027.004,44.28,3.8513,3.8513,0.68,33.6669,37.4257,2.0637,2.9699,3.1965,,,8245.6356,1643.6172,1643.6172,365116.7444,72779.3696
301210.SZ,20230731,44.5,44.77,44.33,44.62,44.38,0.24,0.5408,8653.55,38513.208,44.62,5.2649,5.2649,0.73,33.9254,37.713,2.0796,2.9927,3.2211,,,8245.6356,1643.6172,1643.6172,367920.2605,73338.1995
301210.SZ,20230728,44.07,44.49,43.7,44.38,44.27,0.11,0.2485,8845.75,39040.6,44.38,5.3819,5.3819,0.55,33.7429,37.5102,2.0684,2.9766,3.2038,,,8245.6356,1643.6172,1643.6172,365941.3079,72943.7313
301210.SZ,20230727,44.55,44.83,44.25,44.27,44.48,-0.21,-0.4721,7615.53,33870.551,44.27,4.6334,4.6334,0.42,33.6593,37.4172,2.0633,2.9692,3.1958,,,8245.6356,1643.6172,1643.6172,365034.288,72762.9334
301210.SZ,20230726,44.6,45.28,44.44,44.48,44.8,-0.32,-0.7143,9621.79,43054.994,44.48,5.854,5.854,0.54,33.8189,37.5947,2.0731,2.9833,3.211,,,8245.6356,1643.6172,1643.6172,366765.8715,73108.0931
301210.SZ,20230725,44.4,45.05,44.4,44.8,44.46,0.34,0.7647,11543.51,51649.498,44.8,7.0232,7.0232,0.66,34.0622,37.8652,2.088,3.0047,3.2341,,,8245.6356,1643.6172,1643.6172,369404.4749,73634.0506
301210.SZ,20230724,43.65,45.39,43.65,44.46,47.48,-3.02,-6.3606,21691.46,96574.451,44.46,13.1974,13.1974,1.4,33.8037,37.5778,2.0721,2.9819,3.2095,,,8245.6356,1643.6172,1643.6172,366600.9588,73075.2207
301210.SZ,20230721,48.81,51.0,47.42,47.48,47.42,0.06,0.1265,29795.11,146372.212,47.48,18.1278,18.1278,2.44,36.0999,40.1303,2.2129,3.1845,3.4276,,,8245.6356,1643.6172,1643.6172,391502.7783,78038.9447
301210.SZ,20230720,46.75,47.55,46.6,47.42,46.68,0.74,1.5853,17958.82,84698.228,47.42,10.9264,10.9264,1.45,36.0543,40.0796,2.2101,3.1805,3.4232,,,8245.6356,1643.6172,1643.6172,391008.0402,77940.3276
301210.SZ,20230719,46.4,46.99,46.4,46.68,46.32,0.36,0.7772,7872.02,36729.857,46.68,4.7894,4.7894,0.52,35.4916,39.4542,2.1756,3.1308,3.3698,,,8245.6356,1643.6172,1643.6172,384906.2698,76724.0509
301210.SZ,20230718,47.01,47.01,46.3,46.32,47.0,-0.68,-1.4468,10004.82,46567.416,46.32,6.0871,6.0871,0.66,35.2179,39.1499,2.1588,3.1067,3.3438,,,8245.6356,1643.6172,1643.6172,381937.841,76132.3487
301210.SZ,20230717,46.95,47.56,46.69,47.0,46.99,0.01,0.0213,11594.01,54580.046,47.0,7.054,7.054,0.75,35.7349,39.7246,2.1905,3.1523,3.3929,,,8245.6356,1643.6172,1643.6172,387544.8732,77250.0084
301210.SZ,20230714,46.55,47.15,46.55,46.99,46.78,0.21,0.4489,13514.89,63428.499,46.99,8.2227,8.2227,0.76,35.7273,39.7162,2.19,3.1516,3.3922,,,8245.6356,1643.6172,1643.6172,387462.4168,77233.5722
301210.SZ,20230713,46.48,47.12,45.88,46.78,46.8,-0.02,-0.0427,18756.48,87235.732,46.78,11.4117,11.4117,0.97,35.5677,39.5387,2.1803,3.1375,3.377,,,8245.6356,1643.6172,1643.6172,385730.8334,76888.4126
301210.SZ,20230712,46.28,47.6,46.25,46.8,46.17,0.63,1.3645,21344.87,100124.721,46.8,12.9865,12.9865,0.97,35.5829,39.5556,2.1812,3.1389,3.3785,,,8245.6356,1643.6172,1643.6172,385895.7461,76921.285
301210.SZ,20230711,45.65,46.23,45.65,46.17,45.85,0.32,0.6979,10986.07,50534.641,46.17,6.6841,6.6841,0.4,35.1039,39.0231,2.1518,3.0966,3.333,,,8245.6356,1643.6172,1643.6172,380700.9957,75885.8061
301210.SZ,20230710,45.75,46.31,45.56,45.85,45.98,-0.13,-0.2827,12839.96,59033.698,45.85,7.812,7.812,0.36,34.8606,38.7526,2.1369,3.0752,3.3099,,,8245.6356,1643.6172,1643.6172,378062.3923,75359.8486
301210.SZ,20230707,47.28,47.57,45.88,45.98,47.93,-1.95,-4.0684,24992.53,116373.563,45.98,15.2058,15.2058,0.57,34.9594,38.8625,2.143,3.0839,3.3193,,,8245.6356,1643.6172,1643.6172,379134.3249,75573.5189
301210.SZ,20230706,48.91,48.98,47.8,47.93,49.08,-1.15,-2.3431,26668.67,128384.237,47.93,16.2256,16.2256,,36.442,40.5107,2.2339,3.2147,3.46,,,8245.6356,1643.6172,1643.6172,395213.3143,78778.5724
301210.SZ,20230705,49.5,51.0,48.85,49.08,50.3,-1.22,-2.4254,34555.02,171467.896,49.08,21.0238,21.0238,,37.3164,41.4827,2.2875,3.2918,3.5431,,,8245.6356,1643.6172,1643.6172,404695.7952,80668.7322
301210.SZ,20230704,49.91,51.88,48.8,50.3,50.46,-0.16,-0.3171,39489.0,198134.603,50.3,24.0257,24.0257,,38.244,42.5138,2.3443,3.3736,3.6311,,,8245.6356,1643.6172,1643.6172,414755.4707,82673.9452
301210.SZ,20230703,49.0,53.88,48.8,50.46,51.33,-0.87,-1.6949,51076.99,259615.759,50.46,31.076,31.076,,38.3656,42.649,2.3518,3.3843,3.6427,,,8245.6356,1643.6172,1643.6172,416074.7724,82936.9239
301210.SZ,20230630,50.01,55.85,48.02,51.33,57.88,-6.55,-11.3165,68998.67,344494.856,51.33,41.9798,41.9798,,39.0271,43.3844,2.3923,3.4427,3.7055,,,8245.6356,1643.6172,1643.6172,423248.4753,84366.8709
