,股票代码,交易日期,开盘价,最高价,最低价,收盘价,昨收价【除权价，前复权】,涨跌额,涨跌幅 【基于除权后的昨收计算的涨跌幅：（今收-除权昨收）/除权昨收 】,成交量,成交额（千元）,close_y,换手率,换手率（自由流通股）,量比,市盈率（总市值/净利润，亏损的PE为空）,市盈率（TTM，亏损的PE为空）,市净率（总市值/净资产）,市销率,市销率（TTM）,股息率 （%）,股息率（TTM）（%）,总股本 （万股）,流通股本 （万股）,自由流通股本 （万）,总市值 （万元）,流通市值（万元）
0,603350.SH,20250620,33.72,34.21,33.47,33.63,33.68,-0.05,-0.1485,11332.0,38272.365,33.63,3.9076,3.9076,0.66,35.6048,36.4261,3.0544,2.5616,2.2845,0.0,2.819,11641.5,2900.0,2900.0,391503.645,97527.0
1,603350.SH,20250619,34.8,35.16,33.68,33.68,34.86,-1.18,-3.385,18033.0,62005.577,33.68,6.2183,6.2183,0.87,35.6577,36.4803,3.059,2.5654,2.2879,0.0,2.8148,11641.5,2900.0,2900.0,392085.72,97672.0
2,603350.SH,20250618,35.11,35.15,34.43,34.86,34.95,-0.09,-0.2575,11886.92,41223.137,34.86,4.0989,4.0989,0.47,36.907,37.7584,3.1662,2.6553,2.368,0.0,2.7196,11641.5,2900.0,2900.0,405822.69,101094.0
3,603350.SH,20250617,35.3,35.53,34.75,34.95,35.25,-0.3,-0.8511,13716.12,48073.704,34.95,4.7297,4.7297,0.46,37.0023,37.8559,3.1743,2.6622,2.3741,0.0,2.7126,11641.5,2900.0,2900.0,406870.425,101355.0
4,603350.SH,20250616,35.5,35.98,35.1,35.25,35.75,-0.5,-1.3986,15300.84,54267.193,35.25,5.2762,5.2762,0.48,37.3199,38.1808,3.2016,2.685,2.3945,0.0,2.6895,11641.5,2900.0,2900.0,410362.875,102225.0
5,603350.SH,20250613,36.35,37.25,35.59,35.75,36.42,-0.67,-1.8396,27199.92,98713.687,35.75,9.3793,9.3793,0.89,37.8492,38.7224,3.247,2.7231,2.4285,0.0,2.6519,11641.5,2900.0,2900.0,416183.625,103675.0
6,603350.SH,20250612,35.83,37.24,35.22,36.42,35.85,0.57,1.59,35864.44,130742.813,36.42,12.367,12.367,1.22,38.5586,39.4481,3.3078,2.7741,2.474,0.0,2.6031,11641.5,2900.0,2900.0,423983.43,105618.0
7,603350.SH,20250611,34.66,36.36,34.66,35.85,34.63,1.22,3.523,33851.11,120348.408,35.85,11.6728,11.6728,1.23,37.9551,38.8307,3.2561,2.7307,2.4353,0.0,2.6445,11641.5,2900.0,2900.0,417347.775,103965.0
8,603350.SH,20250610,35.8,36.26,34.23,34.63,36.1,-1.47,-4.072,38239.38,133777.339,34.63,13.186,13.186,1.58,36.6635,37.5093,3.1453,2.6378,2.3524,0.0,2.7376,11641.5,2900.0,2900.0,403145.145,100427.0
9,603350.SH,20250609,36.08,36.81,35.75,36.1,35.9,0.2,0.5571,25126.19,90951.552,36.1,8.6642,8.6642,1.0,38.2198,39.1015,3.2788,2.7498,2.4522,0.0,2.6261,11641.5,2900.0,2900.0,420258.15,104690.0
10,603350.SH,20250606,37.01,37.01,36.12,36.3,37.01,-0.71,-1.9184,20386.06,74194.353,36.3,7.0297,7.0297,0.65,38.4315,39.3181,3.1814,2.765,2.4658,0.0,1.5098,11641.5,2900.0,2900.0,422586.45,105270.0
11,603350.SH,20250605,36.8,37.45,36.03,37.01,36.83,0.18,0.4887,29289.54,107974.422,37.01,10.0998,10.0998,0.91,39.1832,40.0872,3.2436,2.8191,2.5141,0.0,1.4808,11641.5,2900.0,2900.0,430851.915,107329.0
12,603350.SH,20250604,36.41,36.95,36.25,36.83,36.38,0.45,1.2369,24452.31,89588.853,36.83,8.4318,8.4318,0.74,38.9927,39.8922,3.2278,2.8054,2.5018,0.0,1.488,11641.5,2900.0,2900.0,428756.445,106807.0
13,603350.SH,20250603,36.53,36.87,36.21,36.38,36.55,-0.17,-0.4651,22125.75,80684.12,36.38,7.6296,7.6296,0.6,38.5162,39.4048,3.1884,2.7711,2.4713,0.0,1.5064,11641.5,2900.0,2900.0,423517.77,105502.0
14,603350.SH,20250530,37.48,37.63,36.48,36.55,37.66,-1.11,-2.9474,29187.6,107776.963,36.55,10.0647,10.0647,0.74,38.6962,39.5889,3.2033,2.784,2.4828,0.0,1.4994,11641.5,2900.0,2900.0,425496.825,105995.0
15,603350.SH,20250529,39.1,39.99,37.48,37.66,39.41,-1.75,-4.4405,52937.63,203752.524,37.66,18.2544,18.2544,1.43,39.8714,40.7912,3.3006,2.8686,2.5582,0.0,1.4552,11641.5,2900.0,2900.0,438418.89,109214.0
16,603350.SH,20250528,38.68,39.92,38.57,39.41,38.85,0.56,1.4414,31984.09,125673.64,39.41,11.029,11.029,0.76,41.7242,42.6867,3.4539,3.0019,2.6771,0.0,1.3906,11641.5,2900.0,2900.0,458791.515,114289.0
17,603350.SH,20250527,39.26,39.95,38.33,38.85,39.33,-0.48,-1.2204,29066.09,112867.44,38.85,10.0228,10.0228,0.53,41.1313,42.0802,3.4049,2.9592,2.6391,0.0,1.4107,11641.5,2900.0,2900.0,452272.275,112665.0
18,603350.SH,20250526,39.9,40.07,38.65,39.33,39.9,-0.57,-1.4286,41831.12,163702.685,39.33,14.4245,14.4245,0.64,41.6395,42.6001,3.4469,2.9958,2.6717,0.0,1.3934,11641.5,2900.0,2900.0,457860.195,114057.0
19,603350.SH,20250523,40.4,41.34,39.5,39.9,41.0,-1.1,-2.6829,40159.12,162262.897,39.9,13.848,13.848,0.53,42.2429,43.2175,3.4969,3.0392,2.7104,0.0,1.3735,11641.5,2900.0,2900.0,464495.85,115710.0
20,603350.SH,20250522,40.75,41.71,40.21,41.0,41.02,-0.02,-0.0488,41958.36,171743.721,41.0,14.4684,14.4684,0.54,43.4075,44.4089,3.5933,3.123,2.7851,0.0,1.3367,11641.5,2900.0,2900.0,477301.5,118900.0
21,603350.SH,20250521,41.59,43.22,40.63,41.02,41.8,-0.78,-1.866,58763.72,244613.08,41.02,20.2634,20.2634,0.76,43.4287,44.4306,3.595,3.1245,2.7865,0.0,1.336,11641.5,2900.0,2900.0,477534.33,118958.0
22,603350.SH,20250520,42.0,44.5,41.6,41.8,41.6,0.2,0.4808,91054.03,389822.071,41.8,31.3979,31.3979,1.17,44.2545,45.2754,3.6634,3.1839,2.8394,0.0,1.3111,11641.5,2900.0,2900.0,486614.7,121220.0
23,603350.SH,20250519,43.5,43.99,41.07,41.6,42.79,-1.19,-2.781,92371.85,387847.393,41.6,31.8524,31.8524,1.19,44.0428,45.0588,3.6459,3.1687,2.8259,0.0,1.3174,11641.5,2900.0,2900.0,484286.4,120640.0
24,603350.SH,20250516,38.58,42.79,38.05,42.79,38.9,3.89,10.0,91873.74,374652.482,42.79,31.6806,31.6806,1.17,45.3026,46.3477,3.7502,3.2593,2.9067,0.0,1.2808,11641.5,2900.0,2900.0,498139.785,124091.0
25,603350.SH,20250515,40.1,40.5,37.82,38.9,39.26,-0.36,-0.917,55731.38,217705.489,38.9,19.2177,19.2177,0.58,41.1842,42.1343,3.4092,2.963,2.6424,0.0,1.4088,11641.5,2900.0,2900.0,452854.35,112810.0
26,603350.SH,20250514,40.0,40.48,38.91,39.26,39.4,-0.14,-0.3553,53054.34,210241.507,39.26,18.2946,18.2946,0.53,41.5654,42.5242,3.4408,2.9905,2.6669,0.0,1.3959,11641.5,2900.0,2900.0,457045.29,113854.0
27,603350.SH,20250513,39.4,40.7,38.92,39.4,39.15,0.25,0.6386,96169.15,382868.644,39.4,33.1618,33.1618,1.17,41.7136,42.6759,3.4531,3.0011,2.6764,0.0,1.391,11641.5,2900.0,2900.0,458675.1,114260.0
28,603350.SH,20250512,37.5,39.98,36.58,39.15,36.7,2.45,6.6757,91453.98,349731.898,39.15,31.5359,31.5359,1.37,41.4489,42.4051,3.4311,2.9821,2.6594,0.0,1.3998,11641.5,2900.0,2900.0,455764.725,113535.0
29,603350.SH,20250509,38.77,38.9,36.03,36.7,38.75,-2.05,-5.2903,97403.44,359056.364,36.7,33.5874,33.5874,1.97,38.855,39.7514,3.2164,2.7955,2.493,0.0,1.4933,11641.5,2900.0,2900.0,427243.05,106430.0
30,603350.SH,20250508,36.93,39.62,36.71,38.75,36.02,2.73,7.5791,144000.28,561269.172,38.75,49.6553,49.6553,6.21,41.0254,41.9718,3.3961,2.9516,2.6323,0.0,1.4143,11641.5,2900.0,2900.0,451108.125,112375.0
31,603350.SH,20250507,33.72,36.89,33.34,36.02,33.54,2.48,7.3942,66857.69,239367.553,36.02,23.0544,23.0544,5.55,38.1351,39.0149,3.1568,2.7437,2.4468,0.0,1.5215,11641.5,2900.0,2900.0,419326.83,104458.0
32,603350.SH,20250506,32.97,33.54,32.93,33.54,32.89,0.65,1.9763,11202.35,37310.588,33.54,3.8629,3.8629,0.9,35.5095,36.3287,2.9395,2.5548,2.2783,0.0,1.634,11641.5,2900.0,2900.0,390455.91,97266.0
33,603350.SH,20250430,32.29,33.2,32.26,32.89,32.1,0.79,2.4611,13163.99,43226.061,32.89,4.5393,4.5393,1.0,34.8213,35.6246,2.8825,2.5053,2.2342,0.0,1.6663,11641.5,2900.0,2900.0,382888.935,95381.0
34,603350.SH,20250429,31.0,32.37,31.0,32.1,31.46,0.64,2.0343,12174.0,39025.821,32.1,4.1979,4.1979,0.94,25.2638,29.5714,2.9409,2.6179,2.5578,0.0,1.7073,11641.5,2900.0,2900.0,373692.15,93090.0
35,603350.SH,20250428,32.75,32.93,31.43,31.46,32.73,-1.27,-3.8802,12488.4,39798.558,31.46,4.3063,4.3063,0.98,24.7601,28.9818,2.8823,2.5657,2.5068,0.0,1.742,11641.5,2900.0,2900.0,366241.59,91234.0
36,603350.SH,20250425,32.54,33.09,32.11,32.73,32.75,-0.02,-0.0611,11186.75,36546.667,32.73,3.8575,3.8575,0.88,25.7597,30.1518,2.9986,2.6692,2.608,0.0,1.6744,11641.5,2900.0,2900.0,381026.295,94917.0
37,603350.SH,20250424,33.37,33.6,32.39,32.75,33.37,-0.62,-1.858,13380.0,44152.842,32.75,4.6138,4.6138,0.98,25.7754,30.1702,3.0005,2.6709,2.6096,0.0,1.6734,11641.5,2900.0,2900.0,381259.125,94975.0
38,603350.SH,20250423,32.75,33.58,32.75,33.37,32.76,0.61,1.862,16830.56,55895.747,33.37,5.8036,5.8036,1.32,26.2634,30.7414,3.0573,2.7214,2.659,0.0,1.6423,11641.5,2900.0,2900.0,388476.855,96773.0
39,603350.SH,20250422,33.0,33.0,32.52,32.76,32.98,-0.22,-0.6671,10777.3,35279.434,32.76,3.7163,3.7163,0.84,25.7833,30.1794,3.0014,2.6717,2.6104,0.0,1.6729,11641.5,2900.0,2900.0,381375.54,95004.0
40,603350.SH,20250421,32.6,33.1,32.35,32.98,32.6,0.38,1.1656,11556.72,37975.17,32.98,3.9851,3.9851,0.88,25.9564,30.3821,3.0215,2.6896,2.6279,0.0,1.6617,11641.5,2900.0,2900.0,383936.67,95642.0
41,603350.SH,20250418,32.47,33.0,32.38,32.6,32.65,-0.05,-0.1531,10797.32,35289.309,32.6,3.7232,3.7232,0.75,25.6574,30.032,2.9867,2.6586,2.5976,0.0,1.6811,11641.5,2900.0,2900.0,379512.9,94540.0
42,603350.SH,20250417,32.49,33.68,32.0,32.65,32.5,0.15,0.4615,18100.56,59930.296,32.65,6.2416,6.2416,1.23,25.6967,30.0781,2.9913,2.6627,2.6016,0.0,1.6785,11641.5,2900.0,2900.0,380094.975,94685.0
43,603350.SH,20250416,32.22,32.96,31.9,32.5,32.44,0.06,0.185,12586.63,40635.905,32.5,4.3402,4.3402,0.75,25.5787,29.9399,2.9776,2.6505,2.5896,0.0,1.6863,11641.5,2900.0,2900.0,378348.75,94250.0
44,603350.SH,20250415,32.14,32.61,31.91,32.44,32.15,0.29,0.902,10985.82,35425.88,32.44,3.7882,3.7882,0.54,25.5314,29.8846,2.9721,2.6456,2.5849,0.0,1.6894,11641.5,2900.0,2900.0,377650.26,94076.0
45,603350.SH,20250414,31.98,32.49,31.7,32.15,31.73,0.42,1.3237,12885.76,41273.589,32.15,4.4434,4.4434,0.64,25.3032,29.6175,2.9455,2.6219,2.5618,0.0,1.7046,11641.5,2900.0,2900.0,374274.225,93235.0
46,603350.SH,20250411,31.2,32.33,30.46,31.73,31.32,0.41,1.3091,17167.0,54595.442,31.73,5.9197,5.9197,0.88,24.9726,29.2306,2.907,2.5877,2.5283,0.0,1.7272,11641.5,2900.0,2900.0,369384.795,92017.0
47,603350.SH,20250410,30.56,31.88,30.56,31.32,30.17,1.15,3.8117,19848.18,62355.688,31.32,6.8442,6.8442,1.06,24.65,28.8529,2.8695,2.5542,2.4956,0.0,1.7498,11641.5,2900.0,2900.0,364611.78,90828.0
48,603350.SH,20250409,28.9,30.49,26.95,30.17,29.55,0.62,2.0981,23239.18,67269.935,30.17,8.0135,8.0135,1.34,23.7449,27.7934,2.7641,2.4605,2.404,0.0,1.8165,11641.5,2900.0,2900.0,351224.055,87493.0
49,603350.SH,20250408,30.65,31.5,28.69,29.55,31.75,-2.2,-6.9291,28712.75,85743.907,29.55,9.9009,9.9009,1.7,23.2569,27.2223,2.7073,2.4099,2.3546,0.0,1.8546,11641.5,2900.0,2900.0,344006.325,85695.0
50,603350.SH,20250407,33.5,33.5,31.75,31.75,35.28,-3.53,-10.0057,11674.0,37419.67,31.75,4.0255,4.0255,0.59,24.9884,29.249,2.9089,2.5893,2.5299,0.0,1.7261,11641.5,2900.0,2900.0,369617.625,92075.0
51,603350.SH,20250403,35.61,36.35,35.03,35.28,36.12,-0.84,-2.3256,14558.12,51750.415,35.28,5.02,5.02,0.66,27.7666,32.5009,3.2323,2.8772,2.8112,0.0,1.5534,11641.5,2900.0,2900.0,410712.12,102312.0
52,603350.SH,20250402,35.8,36.85,35.5,36.12,35.83,0.29,0.8094,15700.81,57021.818,36.12,5.4141,5.4141,0.6,28.4277,33.2747,3.3092,2.9457,2.8781,0.0,1.5173,11641.5,2900.0,2900.0,420490.98,104748.0
53,603350.SH,20250401,36.11,36.72,35.69,35.83,36.42,-0.59,-1.62,16208.12,58528.36,35.83,5.589,5.589,0.59,28.1995,33.0076,3.2827,2.922,2.855,0.0,1.5296,11641.5,2900.0,2900.0,417114.945,103907.0
54,603350.SH,20250331,37.9,37.93,35.37,36.42,37.81,-1.39,-3.6763,26418.34,95901.186,36.42,9.1098,9.1098,0.86,28.6638,33.5511,3.3367,2.9702,2.902,0.0,1.5048,11641.5,2900.0,2900.0,423983.43,105618.0
55,603350.SH,20250328,37.72,38.62,36.79,37.81,37.72,0.09,0.2386,25657.91,97032.987,37.81,8.8476,8.8476,0.78,29.7578,34.8316,3.4641,3.0835,3.0128,0.0,1.4495,11641.5,2900.0,2900.0,440165.115,109649.0
56,603350.SH,20250327,38.03,38.98,37.6,37.72,38.36,-0.64,-1.6684,26254.82,100149.876,37.72,9.0534,9.0534,0.62,29.687,34.7487,3.4558,3.0762,3.0056,0.0,1.4529,11641.5,2900.0,2900.0,439117.38,109388.0
57,603350.SH,20250326,36.26,38.74,36.25,38.36,36.45,1.91,5.2401,35791.76,135079.406,38.36,12.342,12.342,0.88,30.1907,35.3383,3.5144,3.1284,3.0566,0.0,1.4287,11641.5,2900.0,2900.0,446567.94,111244.0
58,603350.SH,20250325,36.36,37.39,36.19,36.45,36.45,0.0,0.0,22814.88,84068.503,36.45,7.8672,7.8672,0.55,28.6875,33.5788,3.3395,2.9726,2.9044,0.0,1.5035,11641.5,2900.0,2900.0,424332.675,105705.0
59,603350.SH,20250324,38.28,38.6,35.42,36.45,38.64,-2.19,-5.6677,43000.16,158022.117,36.45,14.8276,14.8276,1.12,28.6875,33.5788,3.3395,2.9726,2.9044,0.0,1.5035,11641.5,2900.0,2900.0,424332.675,105705.0
60,603350.SH,20250321,39.26,39.82,38.27,38.64,39.97,-1.33,-3.3275,36653.72,142795.534,38.64,12.6392,12.6392,1.01,30.4111,35.5962,3.5401,3.1512,3.0789,0.0,1.4183,11641.5,2900.0,2900.0,449827.56,112056.0
61,603350.SH,20250320,38.01,42.0,37.81,39.97,38.23,1.74,4.5514,73382.16,293958.626,39.97,25.3042,25.3042,2.44,31.4578,36.8215,3.6619,3.2597,3.1849,0.0,1.3711,11641.5,2900.0,2900.0,465310.755,115913.0
62,603350.SH,20250319,38.0,38.68,37.63,38.23,38.06,0.17,0.4467,27001.51,103279.607,38.23,9.3109,9.3109,0.75,30.0884,35.2185,3.5025,3.1178,3.0462,0.0,1.4335,11641.5,2900.0,2900.0,445054.545,110867.0
63,603350.SH,20250318,37.61,38.18,37.18,38.06,37.77,0.29,0.7678,27558.86,103859.035,38.06,9.5031,9.5031,0.68,29.9546,35.0619,3.487,3.1039,3.0327,0.0,1.4399,11641.5,2900.0,2900.0,443075.49,110374.0
64,603350.SH,20250317,37.9,38.88,37.48,37.77,37.83,-0.06,-0.1586,27198.36,103885.485,37.77,9.3787,9.3787,0.65,29.7263,34.7948,3.4604,3.0803,3.0096,0.0,1.451,11641.5,2900.0,2900.0,439699.455,109533.0
65,603350.SH,20250314,37.6,38.46,37.11,37.83,37.92,-0.09,-0.2373,25917.67,98020.464,37.83,8.9371,8.9371,0.61,29.7736,34.85,3.4659,3.0852,3.0144,0.0,1.4487,11641.5,2900.0,2900.0,440397.945,109707.0
66,603350.SH,20250313,38.88,38.88,37.42,37.92,39.14,-1.22,-3.117,42687.13,162880.706,37.92,14.7197,14.7197,1.04,29.8444,34.933,3.4741,3.0925,3.0215,0.0,1.4453,11641.5,2900.0,2900.0,441445.68,109968.0
67,603350.SH,20250312,38.09,39.33,37.35,39.14,38.15,0.99,2.595,57694.52,220820.591,39.14,19.8947,19.8947,1.59,30.8046,36.0569,3.5859,3.192,3.1187,0.0,1.4002,11641.5,2900.0,2900.0,455648.31,113506.0
68,603350.SH,20250311,36.94,38.99,36.63,38.15,37.31,0.84,2.2514,47759.17,180543.76,38.15,16.4687,16.4687,1.41,30.0254,35.1448,3.4952,3.1113,3.0398,0.0,1.4365,11641.5,2900.0,2900.0,444123.225,110635.0
69,603350.SH,20250310,36.55,37.51,36.55,37.31,36.5,0.81,2.2192,34142.78,126529.823,37.31,11.7734,11.7734,1.06,29.3643,34.371,3.4182,3.0427,2.9729,0.0,1.4689,11641.5,2900.0,2900.0,434344.365,108199.0
70,603350.SH,20250307,36.35,36.98,35.97,36.5,36.36,0.14,0.385,28804.57,105380.867,36.5,9.9326,9.9326,0.81,28.7268,33.6248,3.344,2.9767,2.9084,0.0,1.5015,11641.5,2900.0,2900.0,424914.75,105850.0
71,603350.SH,20250306,36.45,37.12,36.21,36.36,36.46,-0.1,-0.2743,36432.55,133643.791,36.36,12.5629,12.5629,0.87,28.6166,33.4958,3.3312,2.9653,2.8972,0.0,1.5073,11641.5,2900.0,2900.0,423284.94,105444.0
72,603350.SH,20250305,36.01,37.12,35.82,36.46,36.18,0.28,0.7739,33847.95,123402.195,36.46,11.6717,11.6717,0.8,28.6953,33.588,3.3404,2.9734,2.9052,0.0,1.5031,11641.5,2900.0,2900.0,424449.09,105734.0
73,603350.SH,20250304,34.76,36.56,34.51,36.18,35.04,1.14,3.2534,35966.95,129784.876,36.18,12.4024,12.4024,0.89,28.475,33.33,3.3147,2.9506,2.8829,0.0,1.5148,11641.5,2900.0,2900.0,421189.47,104922.0
74,603350.SH,20250303,34.78,35.65,34.2,35.04,34.7,0.34,0.9798,25626.75,89903.333,35.04,8.8368,8.8368,0.6,27.5777,32.2798,3.2103,2.8576,2.792,0.0,1.564,11641.5,2900.0,2900.0,407918.16,101616.0
75,603350.SH,20250228,36.85,36.89,34.5,34.7,36.98,-2.28,-6.1655,46880.23,166697.081,34.7,16.1656,16.1656,1.08,27.3101,31.9666,3.1791,2.8299,2.7649,0.0,1.5794,11641.5,2900.0,2900.0,403960.05,100630.0
76,603350.SH,20250227,35.64,39.18,35.5,36.98,35.64,1.34,3.7598,66030.49,244649.534,36.98,22.7691,22.7691,1.81,29.1046,34.067,3.388,3.0158,2.9466,0.0,1.482,11641.5,2900.0,2900.0,430502.67,107242.0
77,603350.SH,20250226,35.19,36.18,35.19,35.64,35.12,0.52,1.4806,35830.93,128157.414,35.64,12.3555,12.3555,0.91,27.95,32.7155,3.2716,2.8962,2.8297,0.0,1.5432,11600.0,2900.0,2900.0,413424.0,103356.0
78,603350.SH,20250225,35.21,35.49,35.01,35.12,35.58,-0.46,-1.2929,27198.01,95845.408,35.12,9.3786,9.3786,0.71,27.5422,32.2382,3.2239,2.8539,2.7884,0.0,1.5661,11600.0,2900.0,2900.0,407392.0,101848.0
79,603350.SH,20250224,35.3,36.08,34.57,35.58,35.5,0.08,0.2254,38808.61,137171.125,35.58,13.3823,13.3823,1.14,27.9029,32.6604,3.2661,2.8913,2.825,0.0,1.5458,11600.0,2900.0,2900.0,412728.0,103182.0
80,603350.SH,20250221,34.51,35.88,34.3,35.5,34.67,0.83,2.394,48484.25,171526.423,35.5,16.7187,16.7187,1.75,27.8402,32.587,3.2587,2.8848,2.8186,0.0,1.5493,11600.0,2900.0,2900.0,411800.0,102950.0
81,603350.SH,20250220,34.93,34.93,34.14,34.67,34.99,-0.32,-0.9145,31679.71,109356.851,34.67,10.924,10.924,1.23,27.1893,31.8251,3.1825,2.8174,2.7527,0.0,1.5864,11600.0,2900.0,2900.0,402172.0,100543.0
82,603350.SH,20250219,33.1,35.26,32.85,34.99,33.04,1.95,5.9019,51504.18,177338.938,34.99,17.7601,17.7601,2.56,27.4402,32.1188,3.2119,2.8434,2.7781,0.0,1.5719,11600.0,2900.0,2900.0,405884.0,101471.0
83,603350.SH,20250218,33.81,33.97,32.7,33.04,33.81,-0.77,-2.2774,19847.03,66268.221,33.04,6.8438,6.8438,1.0,25.911,30.3289,3.0329,2.6849,2.6233,0.0,1.6646,11600.0,2900.0,2900.0,383264.0,95816.0
84,603350.SH,20250217,33.27,34.24,33.22,33.81,33.41,0.4,1.1972,18623.16,62729.581,33.81,6.4218,6.4218,0.88,26.5148,31.0357,3.1036,2.7475,2.6844,0.0,1.6267,11600.0,2900.0,2900.0,392196.0,98049.0
85,603350.SH,20250214,33.69,33.99,33.18,33.41,33.69,-0.28,-0.8311,16777.95,56274.951,33.41,5.7855,5.7855,0.69,26.2011,30.6685,3.0669,2.715,2.6527,0.0,1.6462,11600.0,2900.0,2900.0,387556.0,96889.0
86,603350.SH,20250213,34.53,34.57,33.69,33.69,34.53,-0.84,-2.4327,22308.51,75832.332,33.69,7.6926,7.6926,0.88,26.4207,30.9255,3.0926,2.7377,2.6749,0.0,1.6325,11600.0,2900.0,2900.0,390804.0,97701.0
87,603350.SH,20250212,34.58,35.0,33.91,34.53,34.27,0.26,0.7587,23116.57,79779.881,34.53,7.9712,7.9712,0.95,27.0795,31.6966,3.1697,2.806,2.7416,0.0,1.5928,11600.0,2900.0,2900.0,400548.0,100137.0
88,603350.SH,20250211,34.8,34.82,34.18,34.27,34.63,-0.36,-1.0396,18183.1,62500.749,34.27,6.27,6.27,0.76,26.8756,31.4579,3.1458,2.7849,2.721,0.0,1.6049,11600.0,2900.0,2900.0,397532.0,99383.0
89,603350.SH,20250210,34.38,34.65,33.71,34.63,34.26,0.37,1.08,25096.93,85957.592,34.63,8.6541,8.6541,1.13,27.1579,31.7884,3.1789,2.8141,2.7495,0.0,1.5882,11600.0,2900.0,2900.0,401708.0,100427.0
90,603350.SH,20250207,34.39,34.66,33.84,34.26,34.44,-0.18,-0.5226,32943.48,113109.801,34.26,11.3598,11.3598,1.66,26.8677,31.4488,3.1449,2.784,2.7202,0.0,1.6054,11600.0,2900.0,2900.0,397416.0,99354.0
91,603350.SH,20250206,33.0,34.64,32.88,34.44,33.16,1.28,3.8601,27259.5,93091.677,34.44,9.3998,9.3998,1.53,27.0089,31.614,3.1614,2.7987,2.7344,0.0,1.597,11600.0,2900.0,2900.0,399504.0,99876.0
92,603350.SH,20250205,32.87,33.49,32.45,33.16,32.26,0.9,2.7898,17628.47,58336.195,33.16,6.0788,6.0788,0.92,26.0051,30.439,3.0439,2.6947,2.6328,0.0,1.6586,11600.0,2900.0,2900.0,384656.0,96164.0
93,603350.SH,20250127,33.35,33.53,32.2,32.26,33.27,-1.01,-3.0358,16469.25,53851.667,32.26,5.6791,5.6791,0.78,25.2993,29.6129,2.9613,2.6215,2.5614,0.0,1.7049,11600.0,2900.0,2900.0,374216.0,93554.0
94,603350.SH,20250124,33.13,33.61,32.91,33.27,33.18,0.09,0.2712,16914.11,56273.045,33.27,5.8325,5.8325,0.78,26.0913,30.54,3.054,2.7036,2.6416,0.0,1.6531,11600.0,2900.0,2900.0,385932.0,96483.0
95,603350.SH,20250123,33.86,34.47,33.09,33.18,33.45,-0.27,-0.8072,20964.44,71009.172,33.18,7.2291,7.2291,0.94,26.0208,30.4574,3.0458,2.6963,2.6344,0.0,1.6576,11600.0,2900.0,2900.0,384888.0,96222.0
96,603350.SH,20250122,34.94,34.94,33.9,34.0,34.93,-0.93,-2.6625,17271.53,59246.932,34.0,5.9557,5.9557,0.61,26.6638,31.2101,2.971,2.7629,2.6995,0.0,,11600.0,2900.0,2900.0,394400.0,98600.0
97,603350.SH,20250121,34.82,34.97,34.06,34.93,34.63,0.3,0.8663,24479.91,84918.645,34.93,8.4413,8.4413,0.87,27.3932,32.0638,3.0523,2.8385,2.7734,0.0,,11600.0,2900.0,2900.0,405188.0,101297.0
98,603350.SH,20250120,33.99,34.89,33.99,34.63,34.09,0.54,1.584,25357.07,87582.575,34.63,8.7438,8.7438,0.96,27.1579,31.7884,3.0261,2.8141,2.7495,0.0,,11600.0,2900.0,2900.0,401708.0,100427.0
99,603350.SH,20250117,33.88,34.66,33.87,34.09,33.91,0.18,0.5308,20969.75,71795.129,34.09,7.2309,7.2309,0.79,26.7344,31.2927,2.9789,2.7702,2.7067,0.0,,11600.0,2900.0,2900.0,395444.0,98861.0
100,603350.SH,20250116,34.18,34.64,33.51,33.91,33.98,-0.07,-0.206,23151.01,78956.962,33.91,7.9831,7.9831,0.85,26.5932,31.1275,2.9632,2.7556,2.6924,0.0,,11600.0,2900.0,2900.0,393356.0,98339.0
101,603350.SH,20250115,34.0,34.5,33.38,33.98,33.72,0.26,0.7711,46836.64,159779.348,33.98,16.1506,16.1506,2.03,26.6481,31.1917,2.9693,2.7613,2.6979,0.0,,11600.0,2900.0,2900.0,394168.0,98542.0
102,603350.SH,20250114,30.9,33.72,30.73,33.72,30.65,3.07,10.0163,23727.15,77457.137,33.72,8.1818,8.1818,1.05,26.4442,30.9531,2.9466,2.7402,2.6773,0.0,,11600.0,2900.0,2900.0,391152.0,97788.0
103,603350.SH,20250113,30.98,31.5,30.41,30.65,31.63,-0.98,-3.0983,17059.58,52644.681,30.65,5.8826,5.8826,0.73,24.0367,28.135,2.6783,2.4907,2.4335,0.0,,11600.0,2900.0,2900.0,355540.0,88885.0
104,603350.SH,20250110,32.51,33.32,31.6,31.63,32.73,-1.1,-3.3608,22235.02,72431.072,31.63,7.6672,7.6672,0.82,24.8052,29.0346,2.7639,2.5703,2.5113,0.0,,11600.0,2900.0,2900.0,366908.0,91727.0
105,603350.SH,20250109,31.76,33.48,31.6,32.73,32.08,0.65,2.0262,26641.79,86547.523,32.73,9.1868,9.1868,0.83,25.6679,30.0443,2.8601,2.6597,2.5987,0.0,,11600.0,2900.0,2900.0,379668.0,94917.0
106,603350.SH,20250108,31.83,32.45,30.77,32.08,31.85,0.23,0.7221,25512.18,80605.548,32.08,8.7973,8.7973,0.74,25.1581,29.4476,2.8033,2.6069,2.5471,0.0,,11600.0,2900.0,2900.0,372128.0,93032.0
107,603350.SH,20250107,31.59,31.86,30.8,31.85,31.38,0.47,1.4978,21186.85,66583.461,31.85,7.3058,7.3058,0.49,24.9777,29.2365,2.7832,2.5882,2.5288,0.0,,11600.0,2900.0,2900.0,369460.0,92365.0
108,603350.SH,20250106,31.7,32.5,30.37,31.38,31.66,-0.28,-0.8844,20797.14,65322.733,31.38,7.1714,7.1714,0.36,24.6091,28.8051,2.7421,2.55,2.4915,0.0,,11600.0,2900.0,2900.0,364008.0,91002.0
109,603350.SH,20250103,33.27,34.33,31.55,31.66,33.44,-1.78,-5.323,40637.57,133120.198,31.66,14.013,14.013,0.63,24.8287,29.0621,2.7666,2.5728,2.5137,0.0,,11600.0,2900.0,2900.0,367256.0,91814.0
110,603350.SH,20250102,35.68,36.1,33.19,33.44,36.5,-3.06,-8.3836,51715.76,179273.867,33.44,18.2,18.2,0.69,26.2247,30.696,2.9221,2.7174,2.6551,0.0,,11600.0,2841.5213,2841.5213,387904.0,95020.4723
111,603350.SH,20241231,37.77,37.97,36.15,36.5,37.67,-1.17,-3.1059,39029.7,143337.314,36.5,13.7355,13.7355,0.52,28.6244,33.5049,3.1895,2.9661,2.898,,,11600.0,2841.5213,2841.5213,423400.0,103715.5275
112,603350.SH,20241230,38.8,40.24,37.58,37.67,39.46,-1.79,-4.5362,63568.48,244072.672,37.67,22.3713,22.3713,0.97,29.5419,34.5789,3.2917,3.0612,2.9909,,,11600.0,2841.5213,2841.5213,436972.0,107040.1074
113,603350.SH,20241227,38.38,40.97,37.15,39.46,37.76,1.7,4.5021,97755.54,382304.14,39.46,34.4025,34.4025,1.99,30.9457,36.2221,3.4482,3.2066,3.133,,,11600.0,2841.5213,2841.5213,457736.0,112126.4305
114,603350.SH,20241226,35.71,38.36,35.71,37.76,37.71,0.05,0.1326,70241.21,263440.814,37.76,24.7196,24.7196,1.84,29.6125,34.6616,3.2996,3.0685,2.998,,,11600.0,2841.5213,2841.5213,438016.0,107295.8443
115,603350.SH,20241225,40.8,40.8,37.7,37.71,37.68,0.03,0.0796,104433.64,408211.712,37.71,36.7527,36.7527,5.22,29.5733,34.6157,3.2952,3.0644,2.9941,,,11600.0,2841.5213,2841.5213,437436.0,107153.7682
116,603350.SH,20241224,34.58,37.68,34.58,37.68,34.25,3.43,10.0146,40979.15,152297.333,37.68,14.4216,14.4216,2.57,29.5498,34.5881,3.2926,3.062,2.9917,,,11600.0,2841.5213,2841.5213,437088.0,107068.5226
117,603350.SH,20241223,34.8,35.42,34.12,34.25,35.23,-0.98,-2.7817,14507.5,50420.308,34.25,5.1055,5.1055,0.88,26.8599,31.4396,2.9929,2.7832,2.7194,,,11600.0,2841.5213,2841.5213,397300.0,97322.1045
118,603350.SH,20241220,34.85,35.6,34.8,35.23,35.08,0.15,0.4276,15796.0,55674.608,35.23,5.559,5.559,0.86,27.6284,32.3392,3.0785,2.8629,2.7972,,,11600.0,2841.5213,2841.5213,408668.0,100106.7954
119,603350.SH,20241219,33.96,35.21,33.9,35.08,34.37,0.71,2.0658,14683.0,51107.83,35.08,5.1673,5.1673,0.67,27.5108,32.2015,3.0654,2.8507,2.7853,,,11600.0,2841.5213,2841.5213,406928.0,99680.5672
120,603350.SH,20241218,34.45,34.91,34.16,34.37,34.12,0.25,0.7327,13989.31,48380.451,34.37,4.9232,4.9232,0.54,26.954,31.5497,3.0034,2.793,2.7289,,,11600.0,2841.5213,2841.5213,398692.0,97663.0871
121,603350.SH,20241217,35.53,35.78,34.0,34.12,35.53,-1.41,-3.9685,20648.0,71762.203,34.12,7.2665,7.2665,0.68,26.7579,31.3202,2.9815,2.7727,2.709,,,11600.0,2841.5213,2841.5213,395792.0,96952.7068
122,603350.SH,20241216,35.9,36.19,35.18,35.53,36.0,-0.47,-1.3056,17134.0,61038.79,35.53,6.0299,6.0299,0.44,27.8637,32.6145,3.1047,2.8873,2.821,,,11600.0,2841.5213,2841.5213,412148.0,100959.2518
123,603350.SH,20241213,36.72,37.18,35.98,36.0,37.26,-1.26,-3.3816,25693.0,93651.188,36.0,9.042,9.042,0.67,28.2323,33.046,3.1458,2.9254,2.8583,,,11600.0,2841.5213,2841.5213,417600.0,102294.7668
124,603350.SH,20241212,36.88,37.89,36.68,37.26,37.13,0.13,0.3501,31343.45,116779.208,37.26,11.0305,11.0305,0.86,29.2204,34.2026,3.2559,3.0278,2.9583,,,11600.0,2841.5213,2841.5213,432216.0,105875.0836
125,603350.SH,20241211,36.64,37.53,36.2,37.13,36.64,0.49,1.3373,33659.0,123564.921,37.13,11.8454,11.8454,0.95,29.1185,34.0832,3.2446,3.0173,2.948,,,11600.0,2841.5213,2841.5213,430708.0,105505.6859
126,603350.SH,20241210,38.13,38.13,36.41,36.64,37.12,-0.48,-1.2931,44462.57,164685.593,36.64,15.6475,15.6475,1.44,28.7342,33.6335,3.2017,2.9775,2.9091,,,11600.0,2841.5213,2841.5213,425024.0,104113.3404
127,603350.SH,20241209,34.51,37.99,34.51,37.12,34.92,2.2,6.3001,60063.62,219873.772,37.12,21.1378,21.1378,2.5,29.1106,34.0741,3.2437,3.0165,2.9472,,,11600.0,2841.5213,2841.5213,430592.0,105477.2707
128,603350.SH,20241206,35.0,35.14,34.27,34.92,35.14,-0.22,-0.6261,22403.16,77815.34,34.92,7.8842,7.8842,0.9,27.3853,32.0546,3.0514,2.8377,2.7726,,,11600.0,2841.5213,2841.5213,405072.0,99225.9238
129,603350.SH,20241205,34.71,35.46,34.51,35.14,35.02,0.12,0.3427,21707.01,76036.149,35.14,7.6392,7.6392,0.85,27.5578,32.2565,3.0707,2.8556,2.79,,,11600.0,2841.5213,2841.5213,407624.0,99851.0585
130,603350.SH,20241204,35.48,36.42,34.7,35.02,35.63,-0.61,-1.712,27925.49,99064.288,35.02,9.8277,9.8277,1.08,27.4637,32.1464,3.0602,2.8458,2.7805,,,11600.0,2841.5213,2841.5213,406232.0,99510.0759
131,603350.SH,20241203,35.44,35.85,35.08,35.63,35.94,-0.31,-0.8625,22239.16,78923.784,35.63,7.8265,7.8265,0.83,27.9421,32.7063,3.1135,2.8954,2.8289,,,11600.0,2841.5213,2841.5213,413308.0,101243.4039
132,603350.SH,20241202,35.48,36.27,35.21,35.94,35.35,0.59,1.669,25625.82,91948.094,35.94,9.0183,9.0183,0.92,28.1852,32.9909,3.1406,2.9206,2.8535,,,11600.0,2841.5213,2841.5213,416904.0,102124.2755
133,603350.SH,20241129,34.58,35.76,34.36,35.35,34.57,0.78,2.2563,26849.25,94689.637,35.35,9.4489,9.4489,0.76,27.7225,32.4493,3.089,2.8726,2.8067,,,11600.0,2841.5213,2841.5213,410060.0,100447.778
134,603350.SH,20241128,35.1,35.6,34.47,34.57,35.46,-0.89,-2.5099,24963.04,87057.567,34.57,8.7851,8.7851,0.59,27.1108,31.7333,3.0209,2.8092,2.7448,,,11600.0,2841.5213,2841.5213,401012.0,98231.3913
135,603350.SH,20241127,34.87,35.47,33.84,35.46,35.18,0.28,0.7959,29782.83,103099.153,35.46,10.4813,10.4813,0.65,27.8088,32.5503,3.0986,2.8816,2.8154,,,11600.0,2841.5213,2841.5213,411336.0,100760.3453
136,603350.SH,20241126,36.3,36.55,35.11,35.18,36.64,-1.46,-3.9847,26321.28,94076.303,35.18,9.2631,9.2631,0.55,27.5892,32.2933,3.0742,2.8588,2.7932,,,11600.0,2841.5213,2841.5213,408088.0,99964.7193
137,603350.SH,20241125,36.0,37.3,35.0,36.64,36.66,-0.02,-0.0546,31175.06,112717.703,36.64,10.9713,10.9713,0.6,28.7342,33.6335,3.2017,2.9775,2.9091,,,11600.0,2841.5213,2841.5213,425024.0,104113.3404
138,603350.SH,20241122,39.44,41.14,36.63,36.66,39.15,-2.49,-6.3602,64418.68,250329.822,36.66,22.6705,22.6705,1.44,28.7499,33.6518,3.2035,2.9791,2.9107,,,11600.0,2841.5213,2841.5213,425256.0,104170.1709
139,603350.SH,20241121,37.41,39.38,36.4,39.15,37.71,1.44,3.8186,59998.35,229331.472,39.15,21.1149,21.1149,1.5,30.7026,35.9375,3.4211,3.1814,3.1084,,,11600.0,2841.5213,2841.5213,454140.0,111245.5589
140,603350.SH,20241120,36.9,38.2,36.66,37.71,37.0,0.71,1.9189,45876.33,172852.753,37.71,16.145,16.145,1.23,29.5733,34.6157,3.2952,3.0644,2.9941,,,11600.0,2841.5213,2841.5213,437436.0,107153.7682
141,603350.SH,20241119,36.58,37.09,35.39,37.0,37.06,-0.06,-0.1619,37130.41,134971.878,37.0,13.0671,13.0671,0.86,29.0165,33.9639,3.2332,3.0067,2.9377,,,11600.0,2841.5213,2841.5213,429200.0,105136.2881
142,603350.SH,20241118,34.8,37.89,34.21,37.06,35.1,1.96,5.584,53483.32,194055.388,37.06,18.8221,18.8221,1.05,29.0636,34.019,3.2384,3.0116,2.9425,,,11600.0,2841.5213,2841.5213,429896.0,105306.7794
143,603350.SH,20241115,35.9,36.45,34.91,35.1,35.86,-0.76,-2.1194,26907.47,96145.76,35.1,9.4694,9.4694,0.4,27.5265,32.2198,3.0672,2.8523,2.7869,,,11600.0,2841.5213,2841.5213,407160.0,99737.3976
144,603350.SH,20241114,37.51,37.55,35.75,35.86,37.74,-1.88,-4.9815,37100.05,135469.235,35.86,13.0564,13.0564,0.45,28.1225,32.9175,3.1336,2.9141,2.8472,,,11600.0,2841.5213,2841.5213,415976.0,101896.9538
145,603350.SH,20241113,37.51,37.88,36.72,37.74,37.88,-0.14,-0.3696,32335.54,120388.93,37.74,11.3797,11.3797,0.3,29.5968,34.6432,3.2979,3.0668,2.9965,,,11600.0,2841.5213,2841.5213,437784.0,107239.0139
146,603350.SH,20241112,39.97,40.0,37.29,37.88,39.97,-2.09,-5.2289,66124.73,254218.587,37.88,23.2709,23.2709,0.56,29.7066,34.7717,3.3101,3.0782,3.0076,,,11600.0,2841.5213,2841.5213,439408.0,107636.8268
147,603350.SH,20241111,37.59,40.44,36.8,39.97,38.08,1.89,4.9632,92046.41,354532.517,39.97,32.3934,32.3934,0.85,31.3457,36.6902,3.4927,3.2481,3.1735,,,11600.0,2841.5213,2841.5213,463652.0,113575.6064
148,603350.SH,20241108,36.4,39.0,36.36,38.08,36.32,1.76,4.8458,106235.97,404127.926,38.08,37.387,37.387,1.14,29.8635,34.9553,3.3276,3.0945,3.0235,,,11600.0,2841.5213,2841.5213,441728.0,108205.1311
149,603350.SH,20241107,36.3,37.28,35.01,36.32,38.08,-1.76,-4.6218,118119.48,423456.218,36.32,41.5691,41.5691,1.54,28.4832,33.3397,3.1738,2.9514,2.8837,,,11600.0,2841.5213,2841.5213,421312.0,103204.0536
150,603350.SH,20241106,37.2,40.84,37.19,38.08,37.13,0.95,2.5586,161720.02,638554.347,38.08,56.9132,56.9132,3.17,29.8635,34.9553,3.3276,3.0945,3.0235,,,11600.0,2841.5213,2841.5213,441728.0,108205.1311
151,603350.SH,20241105,36.15,37.13,34.44,37.13,33.75,3.38,10.0148,113980.76,405741.644,37.13,40.1126,40.1126,2.99,29.1185,34.0832,3.2446,3.0173,2.948,,,11600.0,2841.5213,2841.5213,430708.0,105505.6859
152,603350.SH,20241104,31.5,33.75,31.5,33.75,30.68,3.07,10.0065,40318.29,133443.387,33.75,14.189,14.189,0.89,26.4678,30.9806,2.9492,2.7426,2.6797,,,11600.0,2841.5213,2841.5213,391500.0,95901.3439
153,603350.SH,20241101,31.66,31.66,30.36,30.68,31.85,-1.17,-3.6735,33410.61,103369.297,30.68,11.758,11.758,0.73,24.0602,28.1625,2.6809,2.4931,2.4359,,,11600.0,2841.5213,2841.5213,355888.0,87177.8735
154,603350.SH,20241031,31.82,32.06,31.3,31.85,31.86,-0.01,-0.0314,33370.45,106174.426,31.85,11.7439,11.7439,0.74,24.9777,29.2365,2.7832,2.5882,2.5288,,,11600.0,2841.5213,2841.5213,369460.0,90502.4534
155,603350.SH,20241030,31.98,32.45,31.4,31.86,32.22,-0.36,-1.1173,33785.44,107492.732,31.86,11.8899,11.8899,0.71,24.9856,29.2457,2.784,2.589,2.5296,,,11600.0,2841.5213,2841.5213,369576.0,90530.8686
156,603350.SH,20241029,33.4,33.4,32.18,32.22,33.39,-1.17,-3.504,49735.9,162137.975,32.22,17.5033,17.5033,0.98,25.2679,29.5761,2.8155,2.6183,2.5582,,,11600.0,2841.5213,2841.5213,373752.0,91553.8163
157,603350.SH,20241028,31.89,33.99,31.86,33.39,31.59,1.8,5.698,75325.11,251230.92,33.39,26.5087,26.5087,1.48,26.1854,30.6501,2.9177,2.7134,2.6511,,,11600.0,2841.5213,2841.5213,387324.0,94878.3962
158,603350.SH,20241025,31.21,31.87,31.1,31.59,31.22,0.37,1.1851,36300.46,114609.504,31.59,12.775,12.775,0.72,24.7738,28.9978,2.7604,2.5671,2.5082,,,11600.0,2841.5213,2841.5213,366444.0,89763.6579
159,603350.SH,20241024,30.95,31.5,30.8,31.22,31.19,0.03,0.0962,30110.02,93834.529,31.22,10.5964,10.5964,0.61,24.4837,28.6582,2.7281,2.537,2.4788,,,11600.0,2841.5213,2841.5213,362152.0,88712.295
160,603350.SH,20241023,31.6,31.88,31.13,31.19,31.65,-0.46,-1.4534,45732.12,144018.237,31.19,16.0942,16.0942,1.02,24.4601,28.6307,2.7255,2.5346,2.4764,,,11600.0,2841.5213,2841.5213,361804.0,88627.0493
161,603350.SH,20241022,31.15,32.18,30.85,31.65,30.88,0.77,2.4935,66181.4,208057.301,31.65,23.2908,23.2908,1.77,24.8209,29.0529,2.7657,2.572,2.5129,,,11600.0,2841.5213,2841.5213,367140.0,89934.1491
162,603350.SH,20241021,29.66,31.39,29.5,30.88,29.3,1.58,5.3925,75553.93,232748.554,30.88,26.5893,26.5893,2.67,24.217,28.3461,2.6984,2.5094,2.4518,,,11600.0,2841.5213,2841.5213,358208.0,87746.1777
163,603350.SH,20241018,28.11,29.65,28.01,29.3,28.2,1.1,3.9007,35648.82,103175.769,29.3,12.5457,12.5457,1.24,22.9779,22.8549,2.5812,2.381,2.331,,,11600.0,2841.5213,2841.5213,339880.0,83256.5741
164,603350.SH,20241017,28.65,28.94,28.16,28.2,28.58,-0.38,-1.3296,24264.0,69210.895,28.2,8.5391,8.5391,0.73,22.1153,21.9969,2.4843,2.2916,2.2435,,,11600.0,2841.5213,2841.5213,327120.0,80130.9007
165,603350.SH,20241016,28.41,28.95,28.27,28.58,28.75,-0.17,-0.5913,22473.47,64139.362,28.58,7.909,7.909,0.53,22.4133,22.2933,2.5177,2.3225,2.2738,,,11600.0,2841.5213,2841.5213,331528.0,81210.6788
166,603350.SH,20241015,28.97,29.55,28.65,28.75,29.05,-0.3,-1.0327,29327.71,85442.381,28.75,10.3211,10.3211,0.51,22.5466,22.4259,2.5327,2.3363,2.2873,,,11600.0,2841.5213,2841.5213,333500.0,81693.7374
167,603350.SH,20241014,28.54,29.06,27.88,29.05,28.26,0.79,2.7955,29824.51,85305.772,29.05,10.496,10.496,0.42,22.7819,22.6599,2.5591,2.3607,2.3111,,,11600.0,2841.5213,2841.5213,336980.0,82546.1938
168,603350.SH,20241011,29.75,29.77,27.94,28.26,29.75,-1.49,-5.0084,38140.06,109388.029,28.26,13.4224,13.4224,0.53,22.1623,22.0437,2.4895,2.2965,2.2483,,,11600.0,2841.5213,2841.5213,327816.0,80301.3919
169,603350.SH,20241010,30.29,30.88,29.66,29.75,30.2,-0.45,-1.4901,45405.68,137193.23,29.75,15.9794,15.9794,0.65,23.3308,23.2059,2.6208,2.4176,2.3668,,,11600.0,2841.5213,2841.5213,345100.0,84535.2587
170,603350.SH,20241009,32.32,32.37,30.18,30.2,33.53,-3.33,-9.9314,70873.06,222244.802,30.2,24.9419,24.9419,1.12,23.6837,23.5569,2.6604,2.4541,2.4026,,,11600.0,2841.5213,2841.5213,350320.0,85813.9433
171,603350.SH,20241008,34.31,34.31,31.22,33.53,31.19,2.34,7.5024,103309.07,341211.744,33.53,36.357,36.357,2.08,26.2952,26.1544,2.9538,2.7247,2.6676,,,11600.0,2841.5213,2841.5213,388948.0,95276.2092
172,603350.SH,20240930,29.5,31.19,28.82,31.19,28.35,2.84,10.0176,97529.4,294696.27,31.19,34.323,34.323,2.95,24.4601,24.3291,2.7477,2.5346,2.4814,,,11600.0,2841.5213,2841.5213,361804.0,88627.0493
173,603350.SH,20240927,27.2,28.49,27.15,28.35,26.92,1.43,5.312,41182.42,114521.628,28.35,14.4931,14.4931,1.43,22.2329,22.1139,2.4975,2.3038,2.2555,,,11600.0,2841.5213,2841.5213,328860.0,80557.1289
174,603350.SH,20240926,26.34,26.94,26.22,26.92,26.45,0.47,1.7769,33873.8,90121.824,26.92,11.921,11.921,1.23,21.1115,20.9984,2.3715,2.1876,2.1417,,,11600.0,2841.5213,2841.5213,312272.0,76493.7534
175,603350.SH,20240925,26.47,27.11,26.31,26.45,26.33,0.12,0.4558,41730.45,111454.445,26.45,14.686,14.686,1.74,20.7429,20.6318,2.3301,2.1494,2.1043,,,11600.0,2841.5213,2841.5213,306820.0,75158.2384
176,603350.SH,20240924,25.55,26.5,25.14,26.33,25.51,0.82,3.2144,33956.39,88025.864,26.33,11.9501,11.9501,1.46,20.6488,20.5382,2.3195,2.1396,2.0948,,,11600.0,2841.5213,2841.5213,305428.0,74817.2558
177,603350.SH,20240923,25.2,25.74,25.2,25.51,25.46,0.05,0.1964,14633.95,37295.788,25.51,5.15,5.15,0.55,20.0057,19.8986,2.2473,2.073,2.0295,,,11600.0,2841.5213,2841.5213,295916.0,72487.2084
178,603350.SH,20240920,25.82,25.97,25.3,25.46,25.75,-0.29,-1.1262,19606.78,50137.907,25.46,6.9001,6.9001,0.72,19.9665,19.8596,2.2429,2.0689,2.0255,,,11600.0,2841.5213,2841.5213,295336.0,72345.1323
179,603350.SH,20240919,25.27,25.88,25.1,25.75,25.03,0.72,2.8765,28287.4,72277.019,25.75,9.955,9.955,1.06,20.1939,20.0858,2.2684,2.0925,2.0486,,,11600.0,2841.5213,2841.5213,298700.0,73169.1735
180,603350.SH,20240918,25.56,25.7,24.6,25.03,25.57,-0.54,-2.1118,23687.57,59359.112,25.03,8.3362,8.3362,0.86,19.6293,19.5242,2.205,2.034,1.9913,,,11600.0,2841.5213,2841.5213,290348.0,71123.2781
181,603350.SH,20240913,26.26,26.52,25.51,25.57,26.34,-0.77,-2.9233,30336.69,78739.962,25.57,10.6762,10.6762,0.99,20.0528,19.9454,2.2526,2.0779,2.0343,,,11600.0,2841.5213,2841.5213,296612.0,72657.6996
182,603350.SH,20240912,27.11,27.43,26.3,26.34,27.1,-0.76,-2.8044,30579.79,82293.349,26.34,10.7618,10.7618,0.85,20.6566,20.546,2.3204,2.1405,2.0955,,,11600.0,2841.5213,2841.5213,305544.0,74845.671
183,603350.SH,20240911,27.48,27.48,26.95,27.1,27.47,-0.37,-1.3469,23400.84,63479.489,27.1,8.2353,8.2353,0.59,21.2526,21.1388,2.3874,2.2022,2.156,,,11600.0,2841.5213,2841.5213,314360.0,77005.2272
184,603350.SH,20240910,27.74,27.9,27.17,27.47,27.74,-0.27,-0.9733,25196.6,69038.398,27.47,8.8673,8.8673,0.54,21.5428,21.4274,2.4199,2.2323,2.1854,,,11600.0,2841.5213,2841.5213,318652.0,78056.5901
185,603350.SH,20240909,27.46,27.95,26.87,27.74,27.86,-0.12,-0.4307,27730.9,76497.867,27.74,9.7592,9.7592,0.48,21.7545,21.638,2.4437,2.2542,2.2069,,,11600.0,2841.5213,2841.5213,321784.0,78823.8009
186,603350.SH,20240906,28.64,29.15,27.86,27.86,28.88,-1.02,-3.5319,46234.0,131554.986,27.86,16.2709,16.2709,0.75,21.8487,21.7316,2.4543,2.264,2.2165,,,11600.0,2841.5213,2841.5213,323176.0,79164.7834
187,603350.SH,20240905,28.26,29.33,27.9,28.88,28.25,0.63,2.2301,57427.0,164444.198,28.88,20.2099,20.2099,0.94,22.6486,22.5273,2.5442,2.3469,2.2976,,,11600.0,2841.5213,2841.5213,335008.0,82063.1351
188,603350.SH,20240904,28.45,28.96,27.87,28.25,28.65,-0.4,-1.3962,42848.35,121522.274,28.25,15.0794,15.0794,0.65,22.1545,22.0359,2.4887,2.2957,2.2475,,,11600.0,2841.5213,2841.5213,327700.0,80272.9767
189,603350.SH,20240903,27.44,28.66,27.44,28.65,28.38,0.27,0.9514,59064.72,165883.706,28.65,20.7863,20.7863,0.85,22.4682,22.3479,2.5239,2.3282,2.2793,,,11600.0,2841.5213,2841.5213,332340.0,81409.5852
190,603350.SH,20240902,29.86,30.33,28.38,28.38,28.96,-0.58,-2.0028,84996.74,251467.028,28.38,29.9124,29.9124,1.43,22.2564,22.1373,2.5001,2.3062,2.2578,,,11600.0,2841.5213,2841.5213,329208.0,80642.3745
191,603350.SH,20240830,28.49,29.39,28.34,28.96,28.84,0.12,0.4161,64611.77,186926.317,28.96,22.7384,22.7384,1.21,22.7113,22.5897,2.5512,2.3534,2.304,,,11600.0,2841.5213,2841.5213,335936.0,82290.4568
192,603350.SH,20240829,28.59,28.93,28.3,28.84,28.76,0.08,0.2782,53035.14,151749.236,28.84,18.6643,18.6643,1.04,22.6172,22.863,2.6224,2.3436,2.4043,,,11600.0,2841.5213,2841.5213,334544.0,81949.4743
193,603350.SH,20240828,28.59,29.2,28.11,28.76,28.6,0.16,0.5594,69106.29,197363.184,28.76,24.3202,24.3202,1.55,22.5545,22.7996,2.6152,2.3371,2.3976,,,11600.0,2841.5213,2841.5213,333616.0,81722.1526
194,603350.SH,20240827,27.4,28.81,26.87,28.6,27.54,1.06,3.8489,77518.72,218414.375,28.6,27.2807,27.2807,2.04,22.429,22.6727,2.6006,2.3241,2.3843,,,11600.0,2841.5213,2841.5213,331760.0,81267.5092
195,603350.SH,20240826,27.8,27.93,27.51,27.54,27.66,-0.12,-0.4338,32582.36,90215.48,27.54,11.4665,11.4665,0.86,21.5977,21.8324,2.5042,2.238,2.2959,,,11600.0,2841.5213,2841.5213,319464.0,78255.4966
196,603350.SH,20240823,27.52,27.93,27.41,27.66,27.67,-0.01,-0.0361,35778.57,99005.857,27.66,12.5913,12.5913,0.92,21.6918,21.9276,2.5152,2.2477,2.3059,,,11600.0,2841.5213,2841.5213,320856.0,78596.4792
197,603350.SH,20240822,27.56,28.1,27.33,27.67,27.89,-0.22,-0.7888,41148.98,113998.474,27.67,14.4813,14.4813,1.03,21.6996,21.9355,2.5161,2.2485,2.3067,,,11600.0,2841.5213,2841.5213,320972.0,78624.8944
198,603350.SH,20240821,27.98,28.16,27.49,27.89,28.06,-0.17,-0.6058,36588.83,101756.46,27.89,12.8765,12.8765,0.88,21.8722,22.1099,2.5361,2.2664,2.3251,,,11600.0,2841.5213,2841.5213,323524.0,79250.0291
199,603350.SH,20240820,27.58,28.38,27.3,28.06,27.77,0.29,1.0443,43761.92,122122.679,28.06,15.4009,15.4009,0.95,22.0055,22.2447,2.5515,2.2802,2.3393,,,11600.0,2841.5213,2841.5213,325496.0,79733.0877
200,603350.SH,20240819,28.29,28.55,27.75,27.77,28.25,-0.48,-1.6991,32460.49,91131.433,27.77,11.4236,11.4236,0.65,21.7781,22.0148,2.5252,2.2567,2.3151,,,11600.0,2841.5213,2841.5213,322132.0,78909.0465
201,603350.SH,20240816,29.2,29.29,28.2,28.25,29.0,-0.75,-2.5862,41545.13,119152.473,28.25,14.6207,14.6207,0.71,22.1545,22.3953,2.5688,2.2957,2.3551,,,11600.0,2841.5213,2841.5213,327700.0,80272.9767
202,603350.SH,20240815,28.75,29.49,28.35,29.0,28.85,0.15,0.5199,45416.6,131751.784,29.0,15.9832,15.9832,0.66,22.7427,22.9898,2.637,2.3566,2.4176,,,11600.0,2841.5213,2841.5213,336400.0,82404.1177
203,603350.SH,20240814,28.82,29.31,28.7,28.85,29.19,-0.34,-1.1648,44400.78,128351.719,28.85,15.6257,15.6257,0.57,22.625,22.8709,2.6234,2.3444,2.4051,,,11600.0,2841.5213,2841.5213,334660.0,81977.8895
204,603350.SH,20240813,28.15,29.49,28.15,29.19,28.19,1.0,3.5474,66721.11,192079.448,29.19,23.4808,23.4808,0.78,22.8917,23.1405,2.6543,2.372,2.4335,,,11600.0,2841.5213,2841.5213,338604.0,82944.0067
205,603350.SH,20240812,28.85,28.85,27.81,28.19,29.03,-0.84,-2.8936,51995.13,146931.437,28.19,18.2983,18.2983,0.52,22.1074,22.3477,2.5633,2.2908,2.3501,,,11600.0,2841.5213,2841.5213,327004.0,80102.4854
206,603350.SH,20240809,29.68,30.42,28.93,29.03,30.63,-1.6,-5.2236,82072.92,243082.995,29.03,28.8834,28.8834,0.73,22.7662,23.0136,2.6397,2.359,2.4201,,,11600.0,2841.5213,2841.5213,336748.0,82489.3633
207,603350.SH,20240808,33.15,33.2,30.63,30.63,34.03,-3.4,-9.9912,100145.09,312772.235,30.63,35.2435,35.2435,0.88,24.021,24.282,2.7852,2.4891,2.5535,,,11600.0,2841.5213,2841.5213,355308.0,87035.7974
208,603350.SH,20240807,35.34,35.72,34.0,34.03,35.19,-1.16,-3.2964,87659.41,305808.948,34.03,30.8495,30.8495,0.68,26.6873,26.9774,3.0944,2.7654,2.837,,,11600.0,2841.5213,2841.5213,394748.0,96696.9698
209,603350.SH,20240806,35.5,36.2,34.1,35.19,35.86,-0.67,-1.8684,104397.64,367309.693,35.19,36.7401,36.7401,0.75,27.5971,27.897,3.1999,2.8596,2.9337,,,11600.0,2841.5213,2841.5213,408204.0,99993.1345
210,603350.SH,20240805,35.0,37.31,34.49,35.86,35.55,0.31,0.872,126109.28,449995.202,35.86,44.3809,44.3809,0.9,28.1225,28.4281,3.2608,2.9141,2.9895,,,11600.0,2841.5213,2841.5213,415976.0,101896.9538
211,603350.SH,20240802,33.68,37.96,33.29,35.55,34.54,1.01,2.9241,140685.03,497081.656,35.55,49.5105,49.5105,1.1,27.8794,28.1824,3.2326,2.8889,2.9637,,,11600.0,2841.5213,2841.5213,412380.0,101016.0822
212,603350.SH,20240801,34.32,35.99,34.32,34.54,34.99,-0.45,-1.2861,108213.61,377759.99,34.54,38.083,38.083,0.89,27.0873,27.3817,3.1408,2.8068,2.8795,,,11600.0,2841.5213,2841.5213,400664.0,98146.1457
213,603350.SH,20240731,36.3,36.49,34.34,34.99,36.3,-1.31,-3.6088,165767.97,584449.894,34.99,58.3378,58.3378,1.59,27.4402,27.7384,3.1817,2.8434,2.917,,,11600.0,2841.5213,2841.5213,405884.0,99424.8303
214,603350.SH,20240730,32.35,36.3,32.35,36.3,33.0,3.3,10.0,158362.31,558144.534,36.3,55.7315,55.7315,1.8,28.4676,28.7769,3.3008,2.9498,3.0262,,,11600.0,2841.5213,2841.5213,421080.0,103147.2232
215,603350.SH,20240729,31.46,34.15,30.95,33.0,31.45,1.55,4.9285,126146.05,412971.575,33.0,44.3938,44.3938,1.73,25.8796,26.1609,3.0007,2.6817,2.7511,,,11600.0,2841.5213,2841.5213,382800.0,93770.2029
216,603350.SH,20240726,30.69,31.75,30.56,31.45,30.7,0.75,2.443,82004.31,256534.322,31.45,28.8593,28.8593,1.15,24.664,24.9321,2.8598,2.5557,2.6219,,,11600.0,2841.5213,2841.5213,364820.0,89365.8449
217,603350.SH,20240725,30.91,31.48,29.9,30.7,31.37,-0.67,-2.1358,73915.22,227278.565,30.7,26.0126,26.0126,0.97,24.0759,24.3375,2.7916,2.4948,2.5593,,,11600.0,2841.5213,2841.5213,356120.0,87234.7039
218,603350.SH,20240724,30.11,31.55,29.77,31.37,30.65,0.72,2.3491,80881.61,249778.971,31.37,28.4642,28.4642,1.1,24.6013,24.8687,2.8525,2.5492,2.6152,,,11600.0,2841.5213,2841.5213,363892.0,89138.5232
219,603350.SH,20240723,31.05,31.71,30.57,30.65,31.2,-0.55,-1.7628,77093.53,241183.758,30.65,27.1311,27.1311,1.06,24.0367,24.2979,2.787,2.4907,2.5552,,,11600.0,2841.5213,2841.5213,355540.0,87092.6278
220,603350.SH,20240722,31.19,31.48,30.88,31.2,31.19,0.01,0.0321,50147.19,156399.484,31.2,17.648,17.648,0.64,24.468,24.7339,2.837,2.5354,2.601,,,11600.0,2841.5213,2841.5213,361920.0,88655.4646
221,603350.SH,20240719,30.94,31.48,30.7,31.19,31.91,-0.72,-2.2563,74239.27,230891.186,31.19,26.1266,26.1266,0.88,24.4601,24.726,2.8361,2.5346,2.6002,,,11600.0,2841.5213,2841.5213,361804.0,88627.0493
222,603350.SH,20240718,31.69,32.4,31.23,31.91,31.48,0.43,1.3659,97100.73,308675.947,31.91,34.1721,34.1721,1.05,25.0248,25.2968,2.9016,2.5931,2.6602,,,11600.0,2841.5213,2841.5213,370156.0,90672.9447
223,603350.SH,20240717,31.2,31.5,30.7,31.48,31.6,-0.12,-0.3797,69437.97,215791.501,31.48,24.4369,24.4369,0.64,24.6876,24.9559,2.8625,2.5581,2.6244,,,11600.0,2841.5213,2841.5213,365168.0,89451.0905
224,603350.SH,20240716,31.75,32.13,31.25,31.6,31.5,0.1,0.3175,72054.0,228481.693,31.6,25.3575,25.3575,0.57,24.7817,25.051,2.8734,2.5679,2.6344,,,11600.0,2841.5213,2841.5213,366560.0,89792.0731
225,603350.SH,20240715,32.57,32.82,31.14,31.5,32.85,-1.35,-4.1096,81017.73,256859.772,31.5,28.5121,28.5121,0.56,24.7032,24.9717,2.8643,2.5598,2.626,,,11600.0,2841.5213,2841.5213,365400.0,89507.921
226,603350.SH,20240712,32.8,33.85,32.73,32.85,33.72,-0.87,-2.5801,103694.75,344078.085,32.85,36.4927,36.4927,0.64,25.762,26.0419,2.9871,2.6695,2.7386,,,11600.0,2841.5213,2841.5213,381060.0,93343.9747
227,603350.SH,20240711,33.96,34.9,33.62,33.72,33.5,0.22,0.6567,135059.54,460885.252,33.72,47.5307,47.5307,0.75,26.4442,26.7316,3.0662,2.7402,2.8111,,,11600.0,2841.5213,2841.5213,391152.0,95816.0982
228,603350.SH,20240710,35.29,35.46,33.36,33.5,36.9,-3.4,-9.2141,148009.55,508815.836,33.5,52.0881,52.0881,0.76,26.2717,26.5572,3.0462,2.7223,2.7928,,,11600.0,2841.5213,2841.5213,388600.0,95190.9636
229,603350.SH,20240709,38.96,39.98,35.56,36.9,40.5,-3.6,-8.8889,169104.04,634301.309,36.9,59.5118,59.5118,,28.9381,29.2526,3.3554,2.9986,3.0762,,,11600.0,2841.5213,2841.5213,428040.0,104852.136
230,603350.SH,20240708,41.0,45.5,39.81,40.5,43.55,-3.05,-7.0034,161630.15,687216.57,40.5,56.8816,56.8816,,31.7613,32.1065,3.6827,3.2911,3.3763,,,11600.0,2841.5213,2841.5213,469800.0,115081.6127
231,603350.SH,20240705,51.2,54.99,43.25,43.55,54.5,-10.95,-20.0917,196380.56,945379.549,43.55,69.1111,69.1111,,34.1532,34.5244,3.96,3.539,3.6306,,,11600.0,2841.5213,2841.5213,505180.0,123748.2526
232,603350.SH,20240704,38.94,60.0,37.82,54.5,41.19,13.31,32.3137,231021.42,1090434.255,54.5,81.302,81.302,,42.7405,43.2051,4.9557,4.4288,4.5435,,,11600.0,2841.5213,2841.5213,632200.0,154862.9109
233,603350.SH,20240703,40.06,50.0,38.0,41.19,20.56,20.63,100.3405,218452.09,929089.511,41.19,76.8786,76.8786,,32.3024,32.6535,3.7454,3.3472,3.4339,,,11600.0,2841.5213,2841.5213,477804.0,117042.2623
